,city,region,recruitmentFreq,salesFreq,lat,long
0,Toronto,ON,237.0,58087.0,43.6531982421875,-79.3832015991211
1,New York,NY,209.0,122994.0,40.71440124511719,-74.00599670410156
2,Redding,CA,174.0,18689.0,40.58649826049805,-122.39199829101562
3,Bangalore,India,165.0,3390.0,12.971599578857422,77.59459686279297
4,Chico,CA,163.0,33970.0,39.72850036621094,-121.83699798583984
5,Dover,DE,151.0,6714.0,39.158199310302734,-75.52439880371094
6,Goa,India,133.0,2394.0,15.299300193786616,74.1240005493164
7,Baltimore,MD,126.0,47296.0,39.29040145874024,-76.61219787597656
8,Staten Island,NY,124.0,10884.0,40.579498291015625,-74.15019989013672
9,Bhubaneswar,India,119.0,554.0,20.296100616455078,85.82450103759766
10,Indore,India,118.0,415.0,22.719600677490234,75.85769653320312
11,Chandigarh,India,118.0,632.0,30.73329925537109,76.77940368652344
12,Brooklyn,NY,117.0,54554.0,40.650001525878906,-73.94999694824219
13,Jaipur,India,114.0,908.0,26.91239929199219,75.78730010986328
14,Chennai,India,114.0,1725.0,13.05239963531494,80.25080108642578
15,New Delhi,India,112.0,7682.0,28.63529968261719,77.2249984741211
16,Washington DC,USA,110.0,82143.0,38.90719985961914,-77.0364990234375
17,Kolkata,India,109.0,2306.0,22.572599411010746,88.36389923095703
18,High Point,NC,106.0,34105.0,35.95560073852539,-80.00559997558594
19,Mumbai,India,106.0,5530.0,19.076000213623047,72.87770080566406
20,Ahmedabad,India,94.0,1895.0,23.03960037231445,72.56600189208984
21,Manhattan,NY,92.0,53466.0,40.79029846191406,-73.95970153808594
22,Shreveport,LA,87.0,22407.0,32.52519989013672,-93.7501983642578
23,Pune,India,81.0,1028.0,18.52039909362793,73.85669708251953
24,London,UK,75.0,29298.0,51.51119995117188,-0.11982399970293045
25,Ocala,FL,70.0,35413.0,29.18720054626465,-82.14009857177734
26,Surat,India,67.0,590.0,21.19499969482422,72.81939697265625
27,Christchurch,New Zealand,65.0,5534.0,-43.53210067749024,172.63600158691406
28,London,ON,64.0,26614.0,42.986900329589844,-81.24320220947266
29,Longview,TX,63.0,23862.0,32.5,-94.73999786376952
30,Memphis,TN,60.0,45408.0,35.14950180053711,-90.04900360107422
31,Sacramento,CA,59.0,64966.0,38.58160018920898,-121.49400329589844
32,Tyler,TX,59.0,18012.0,32.35016862249576,-95.30883396325736
33,Jonesboro,AR,57.0,14189.0,35.84230041503906,-90.7042999267578
34,Miami,FL,57.0,57492.0,25.78899955749512,-80.22640228271484
35,MO,USA,57.0,1574.0,37.964298248291016,-91.83180236816406
36,Hyderabad,India,55.0,3444.0,17.385000228881836,78.48670196533203
37,Lucknow,India,54.0,258.0,26.84650039672852,80.94670104980469
38,Scranton,PA,54.0,35070.0,41.40900039672852,-75.66239929199219
39,Knoxville,TN,53.0,41257.0,35.960601806640625,-83.92070007324219
40,Gurugram,HR,48.0,479.0,28.442800521850586,76.99359893798828
41,Philadelphia,PA,48.0,56796.0,39.95230102539063,-75.16380310058594
42,Hickory,NC,47.0,34394.0,35.73320007324219,-81.34120178222656
43,Little Rock,AR,47.0,45194.0,34.74649810791016,-92.2895965576172
44,Belfast,UK,46.0,1458.0,54.602500915527344,-5.927979946136475
45,Dallas,TX,46.0,118473.0,32.780101776123054,-96.80049896240234
46,Kerala,India,44.0,527.0,10.850500106811523,76.27110290527344
47,Bloomington,IL,43.0,27552.0,40.48419952392578,-88.99369812011719
48,Queens,NY,43.0,53898.0,40.72819900512695,-73.7948989868164
49,New Orleans,LA,41.0,41486.0,29.951099395751964,-90.07150268554688
50,Liverpool,UK,40.0,2630.0,53.40840148925781,-2.991569995880127
51,Myrtle Beach,SC,38.0,37294.0,33.689098358154304,-78.88670349121094
52,Los Angeles,CA,37.0,81706.0,34.052200317382805,-118.24400329589844
53,Houma,LA,36.0,7597.0,29.595800399780284,-90.71949768066406
54,Pensacola,FL,36.0,35182.0,30.421300888061523,-87.21690368652344
55,Reading,PA,36.0,34197.0,40.33560180664063,-75.9269027709961
56,South Coast,MA,35.0,34094.0,41.63529968261719,-70.92320251464844
57,Providence,RI,35.0,40977.0,41.5801010131836,-71.47740173339844
58,Lafayette,LA,35.0,72025.0,30.22410011291504,-92.0197982788086
59,North Jersey,NJ,35.0,52323.0,40.83000183105469,-74.0999984741211
60,Gainesville,FL,35.0,38917.0,29.651599884033203,-82.32479858398438
61,Rockford,IL,34.0,38158.0,42.27109909057617,-89.09400177001953
62,Allentown,PA,34.0,39392.0,40.6083984375,-75.49019622802734
63,Houston,TX,33.0,68198.0,29.76020050048828,-95.36940002441406
64,Chicago,IL,33.0,74552.0,41.87810134887695,-87.62979888916016
65,Virginia Beach,VA,32.0,40729.0,36.85290145874024,-75.97799682617188
66,Auckland,New Zealand,30.0,4556.0,-36.8484992980957,174.76300048828125
67,Manchester,UK,30.0,5450.0,53.47930145263672,-2.24849009513855
68,Charleston,SC,29.0,74620.0,32.776599884033196,-79.93090057373047
69,Fort Smith,AR,29.0,33165.0,35.38589859008789,-94.39849853515624
70,Wilmington,NC,27.0,39134.0,34.22570037841797,-77.9447021484375
71,Denver,CO,27.0,52019.0,39.73759841918945,-104.98500061035156
72,Comox,BC,27.0,1265.0,49.70640182495117,-125.02200317382812
73,Springfield,IL,26.0,30927.0,39.781700134277344,-89.65010070800781
74,Nanaimo,BC,26.0,1788.0,49.16590118408203,-123.94000244140624
75,Derry,Ireland,25.0,813.0,52.59619903564453,-8.249480247497559
76,Lincoln,NE,25.0,14778.0,40.80690002441406,-96.68170166015624
77,Atlanta,GA,25.0,83528.0,33.74900054931641,-84.38800048828125
78,Birmingham,UK,24.0,8434.0,52.48619842529297,-1.8904000520706177
79,Sydney,Australia,24.0,18891.0,-33.86750030517578,151.20700073242188
80,Kingston,Jamaica,24.0,4206.0,18.020000457763672,-76.80000305175781
81,Melbourne,Australia,24.0,19429.0,-37.8140983581543,144.96299743652344
82,Tulsa,OK,24.0,27838.0,36.15399932861328,-95.9927978515625
83,Bronx,NY,24.0,50638.0,40.849998474121094,-73.86669921875
84,Birmingham,AL,23.0,49711.0,33.52069854736328,-86.80249786376953
85,Peoria,IL,22.0,24210.0,40.69359970092773,-89.58899688720703
86,Adelaide,Australia,22.0,5734.0,-34.928600311279304,138.60000610351562
87,Palm Springs,CA,22.0,15412.0,33.83029937744141,-116.54499816894531
88,Kansas City,MO,22.0,46376.0,39.099700927734375,-94.57859802246094
89,Orlando,FL,21.0,47851.0,28.538299560546875,-81.37920379638672
90,Cincinnati,OH,21.0,25732.0,39.10309982299805,-84.51200103759766
91,Omaha,NE,21.0,33047.0,41.25239944458008,-95.9980010986328
92,Mobile,AL,20.0,37281.0,30.694400787353526,-88.04309844970703
93,Annapolis,MD,20.0,12313.0,38.97840118408203,-76.49220275878906
94,Newcastle,UK,20.0,4848.0,54.97829818725586,-1.6177799701690674
95,Des Moines,IA,20.0,32751.0,41.60049819946289,-93.60910034179688
96,Charlotte,NC,20.0,62070.0,35.22710037231445,-80.84310150146484
97,Westchester,NY,20.0,27170.0,41.12200164794922,-73.7948989868164
98,Nagpur,India,20.0,3.0,21.14999961853028,79.0999984741211
99,Austin,TX,20.0,47032.0,30.267200469970703,-97.74310302734376
100,San Antonio,TX,20.0,41390.0,29.42410087585448,-98.49359893798828
101,Louisville,KY,19.0,37637.0,38.25270080566406,-85.75849914550781
102,Pittsburgh,PA,19.0,28636.0,40.44060134887695,-79.99590301513672
103,Colorado Springs,CO,19.0,40118.0,38.833900451660156,-104.82099914550777
104,Columbus,OH,18.0,45413.0,39.96120071411133,-82.9988021850586
105,Phoenix,AZ,18.0,58434.0,33.44839859008789,-112.0739974975586
106,St Louis,MO,18.0,42476.0,38.62699890136719,-90.19940185546876
107,Vijayawada,AP,17.0,119.0,16.502799987792972,80.64009857177734
108,Kanpur,India,17.0,4.0,26.46669960021973,80.3499984741211
109,Chattanooga,TN,17.0,22912.0,35.04560089111328,-85.30970001220703
110,Perth,Australia,17.0,10086.0,-31.952999114990234,115.85700225830078
111,Raleigh,NC,17.0,56037.0,35.779598236083984,-78.63819885253906
112,Carolina,PR,16.0,11916.0,18.38279914855957,-65.95780181884766
113,Holland,MI,16.0,23379.0,42.787498474121094,-86.10890197753906
114,Fort Lauderdale,FL,16.0,44364.0,26.122299194335934,-80.14340209960938
115,Portland,OR,16.0,45739.0,45.52349853515625,-122.6760025024414
116,Brisbane,Australia,16.0,19393.0,-27.47100067138672,153.0229949951172
117,Worcester,MA,16.0,34031.0,42.26259994506836,-71.80229949951172
118,Boston,MA,16.0,58962.0,42.3583984375,-71.05979919433594
119,Wellington,New Zealand,16.0,2359.0,-41.2864990234375,174.7760009765625
120,Twin Cities,MN,15.0,45412.0,44.9375,-93.20099639892578
121,Ventura,CA,15.0,34359.0,34.274600982666016,-119.22899627685548
122,El Paso,TX,15.0,43625.0,31.758699417114247,-106.48699951171879
123,Canberra,Australia,15.0,2056.0,-35.28200149536133,149.12899780273438
124,San Fernando Valley,CA,14.0,47857.0,34.18259811401367,-118.44000244140624
125,Melbourne,FL,14.0,18299.0,28.08329963684082,-80.6082992553711
126,Portland,ME,14.0,11386.0,43.661399841308594,-70.25579833984375
127,Salt Lake City,UT,14.0,42193.0,40.76079940795898,-111.89099884033207
128,Grand Rapids,MI,14.0,46703.0,42.9634017944336,-85.66809844970703
129,Wichita,KS,14.0,31923.0,37.68889999389648,-97.33609771728516
130,Topeka,KS,13.0,26710.0,39.05580139160156,-95.68900299072266
131,NC,USA,13.0,30729.0,35.75960159301758,-79.01930236816406
132,Rochester,NY,13.0,39063.0,43.1609992980957,-77.61090087890625
133,Vancouver,BC,13.0,12893.0,49.26119995117188,-123.11399841308594
134,Boulder,CO,13.0,12017.0,40.01499938964844,-105.27100372314452
135,Fort Myers,FL,13.0,36751.0,26.64060020446777,-81.87229919433594
136,Leeds,UK,13.0,1310.0,53.80130004882813,-1.5485700368881226
137,Kingston,ON,12.0,4479.0,44.231201171875,-76.48600006103516
138,Northern Michigan,MI,12.0,5312.0,43.750099182128906,-85.14469909667969
139,Jacksonville,FL,12.0,42161.0,30.33219909667969,-81.65560150146484
140,Tampa,FL,12.0,43070.0,27.758254239197697,-82.55527799689136
141,Calgary,AB,12.0,10127.0,51.0452995300293,-114.05799865722656
142,Gold Coast,Australia,12.0,4743.0,-28.01729965209961,153.42599487304688
143,Las Vegas,NV,12.0,68268.0,36.114601135253906,-115.1729965209961
144,Nashville,TN,12.0,45337.0,36.16669845581055,-86.7833023071289
145,Lexington,KY,12.0,28713.0,38.04059982299805,-84.50370025634766
146,South Jersey,NJ,11.0,46547.0,39.93989944458008,-74.84410095214844
147,Muskegon,MI,11.0,26902.0,43.23419952392578,-86.24839782714844
148,Panama City,Panama,11.0,35156.0,9.100000381469727,-79.4000015258789
149,Cambridge,UK,11.0,3414.0,52.205299377441406,0.12181700021028515
150,Cleveland,OH,11.0,53082.0,41.4995002746582,-81.69539642333984
151,Parkersburg,WV,11.0,6769.0,39.266700744628906,-81.5615005493164
152,Richmond,VA,10.0,50393.0,37.54069900512695,-77.43609619140625
153,Darwin,Australia,10.0,2419.0,-12.46280002593994,130.84199523925778
154,Indianapolis,IN,10.0,43308.0,39.76839828491211,-86.15809631347656
155,Okaloosa,FL,10.0,15443.0,30.42009925842285,-86.61699676513672
156,Tucson,AZ,10.0,31340.0,32.22169876098633,-110.9260025024414
157,Hamilton,ON,10.0,12747.0,43.25,-79.86609649658203
158,Oklahoma City,OK,10.0,53830.0,35.46760177612305,-97.5164031982422
159,Norfolk,VA,10.0,41923.0,36.85079956054688,-76.28589630126953
160,Madison,WI,10.0,47064.0,43.07310104370117,-89.40119934082031
161,Boise,ID,10.0,22060.0,43.61869812011719,-116.21499633789062
162,Fayetteville,NC,9.0,55791.0,35.05270004272461,-78.87840270996094
163,San Diego,CA,9.0,57001.0,32.715301513671875,-117.15699768066406
164,East Midlands,UK,9.0,1774.0,52.44879913330078,-1.4970799684524536
165,Oxford,UK,9.0,1643.0,51.75199890136719,-1.2577300071716309
166,Reno,NV,9.0,40473.0,39.529598236083984,-119.81400299072266
167,Halifax,NS,9.0,5054.0,44.68199920654297,-63.74430084228518
168,Akron,OH,9.0,51337.0,41.08300018310547,-81.52200317382812
169,Martinsburg,WV,9.0,12181.0,39.456199645996094,-77.96389770507812
170,Seattle,WA,9.0,52126.0,47.606201171875,-122.33200073242188
171,Essex,UK,9.0,3250.0,51.76679992675781,0.4757759869098663
172,Sarasota,FL,9.0,27079.0,27.33639907836914,-82.53070068359375
173,Lancaster,PA,9.0,39140.0,40.037899017333984,-76.30549621582031
174,Stamford,CT,9.0,73759.0,41.05339813232422,-73.5386962890625
175,Columbia,MO,9.0,46369.0,39.04690170288086,-92.38140106201172
176,Columbia,SC,9.0,67725.0,34.000701904296875,-81.03479766845703
177,Cambridge,ON,9.0,3292.0,43.36000061035156,-80.31999969482422
178,Columbus,MS,9.0,9682.0,33.49560165405273,-88.42720031738281
179,Southern,WV,9.0,3335.0,38.60710144042969,-80.83219909667969
180,Albuquerque,NM,9.0,41927.0,35.11069869995117,-106.61000061035156
181,Central Jersey,NJ,8.0,42616.0,40.527198791503906,-74.59529876708984
182,Beaumont,TX,8.0,46767.0,30.0802001953125,-94.12660217285156
183,Burlington,VT,8.0,9636.0,44.558799743652344,-72.57779693603516
184,Dayton,OH,8.0,36627.0,39.7588996887207,-84.19159698486328
185,Jersey Shore,NJ,8.0,25575.0,40.05889892578125,-74.1083984375
186,Harrisburg,PA,8.0,43169.0,40.27370071411133,-76.8843994140625
187,Dubai,UAE,8.0,33916.0,25.271099090576172,55.30749893188477
188,Hartford,CT,8.0,51929.0,41.76369857788086,-72.68509674072266
189,Appleton,WI,8.0,8209.0,44.26190185546875,-88.41539764404297
190,Glasgow,Scotland,7.0,2033.0,55.86420059204102,-4.251810073852538
191,Brighton,UK,7.0,1171.0,50.8224983215332,-0.13716299831867215
192,Richmond,IN,7.0,19312.0,39.82889938354492,-84.89019775390625
193,Morgantown,WV,7.0,31508.0,39.62950134277344,-79.95590209960938
194,Edinburgh,Scotland,7.0,1313.0,55.95330047607422,-3.188270092010498
195,Sheboygan,WI,7.0,5315.0,43.75080108642578,-87.7145004272461
196,Dublin,Ireland,7.0,2531.0,53.34980010986328,-6.260310173034668
197,Oxford,NC,7.0,2139.0,36.31060028076172,-78.59110260009766
198,Detroit,MI,7.0,59240.0,42.33140182495117,-83.0457992553711
199,Hobart,Australia,7.0,1678.0,-42.88190078735352,147.32400512695312
200,Sheffield,UK,7.0,862.0,53.38109970092773,-1.4700900316238403
201,Oakland,CA,7.0,77170.0,37.829852460965256,-122.28572601974821
202,Winston-Salem,NC,7.0,40294.0,36.09989929199219,-80.24420166015625
203,Cairo,Egypt,7.0,851.0,26.820600509643555,30.802499771118164
204,Newark,NJ,6.0,6115.0,40.73569869995117,-74.17240142822266
205,Augusta,GA,6.0,47526.0,33.473499298095696,-82.010498046875
206,San Francisco,CA,6.0,55499.0,37.773172035520396,-122.41419967719828
207,West Palm Beach,FL,6.0,31646.0,26.71529960632324,-80.05339813232422
208,Long Beach,CA,6.0,44761.0,33.768299102783196,-118.1959991455078
209,Macon,GA,6.0,45911.0,32.8406982421875,-83.63240051269531
210,Newport News,VA,6.0,37634.0,37.087100982666016,-76.4729995727539
211,Visalia,CA,6.0,34989.0,36.3302001953125,-119.29199981689452
212,Fort Worth,TX,6.0,49192.0,32.725399017333984,-97.32080078125
213,Cedar Rapids,IA,6.0,26358.0,41.97790145874024,-91.66560363769531
214,Tallahassee,FL,6.0,43776.0,30.43829917907715,-84.28070068359375
215,East Anglia,UK,6.0,549.0,52.35549926757813,-1.1743199825286863
216,Poconos,PA,6.0,17382.0,41.13880157470703,-75.3750991821289
217,Richmond,BC,6.0,15106.0,49.18000030517578,-123.12999725341795
218,Hampshire,UK,5.0,2009.0,51.0895004272461,-1.2168400287628174
219,Johnson City,TN,5.0,14469.0,36.31330108642578,-82.35359954833984
220,Billings,MT,5.0,5329.0,45.78329849243164,-108.5009994506836
221,Jackson,MI,5.0,24845.0,42.24589920043945,-84.40129852294922
222,Biloxi,MS,5.0,44724.0,30.395999908447266,-88.88529968261719
223,Dunedin,New Zealand,5.0,700.0,-45.87879943847656,170.5030059814453
224,Moscow,Russia,5.0,2564.0,55.75579833984375,37.6172981262207
225,Ann Arbor,MI,5.0,34801.0,42.27999877929688,-83.73999786376953
226,Kalamazoo,MI,5.0,35630.0,42.29169845581055,-85.58719635009766
227,San Jose,CA,5.0,62535.0,37.33940124511719,-121.8949966430664
228,Ottawa,ON,5.0,15476.0,45.42150115966797,-75.69719696044922
229,Brighton,CO,5.0,843.0,39.98529815673828,-104.81999969482422
230,Lancaster,CA,5.0,3280.0,34.62369918823242,-118.10299682617188
231,Hattiesburg,MS,5.0,31076.0,31.32710075378418,-89.29029846191406
232,Tacoma,WA,4.0,45982.0,47.25289916992188,-122.44400024414062
233,Red Deer,AB,4.0,2706.0,52.26810073852539,-113.81099700927734
234,Peterborough,UK,4.0,2311.0,52.59000015258789,-0.2399999946355819
235,Honolulu,HI,4.0,19300.0,21.306900024414066,-157.85800170898438
236,Bucharest,Romania,4.0,2361.0,45.577841330968134,25.24180459713643
237,State College,PA,4.0,7629.0,40.79330062866211,-77.86029815673828
238,Island of Hawaii,HI,4.0,3752.0,19.54290008544922,-155.66600036621094
239,Wollongong,Australia,4.0,186.0,-34.425098419189446,150.89300537109375
240,Jackson,MS,4.0,39624.0,32.29880142211914,-90.18479919433594
241,Youngstown,OH,4.0,27057.0,41.09980010986328,-80.64949798583984
242,Cork,Ireland,4.0,222.0,51.89690017700195,-8.486319541931152
243,Athens,Greece,4.0,25785.0,37.9838981628418,23.729400634765625
244,Windsor,ON,4.0,6687.0,42.279598236083984,-83.00849914550781
245,Tri Cities,TN,4.0,14940.0,36.48109817504883,-82.40789794921875
246,Aberdeen,Scotland,4.0,1647.0,57.14970016479492,-2.0942800045013428
247,Peterborough,ON,4.0,2475.0,44.30910110473633,-78.3197021484375
248,Lexington,MA,4.0,3140.0,42.44720077514648,-71.2249984741211
249,Saint Petersburg,Russia,4.0,800.0,59.93925552368164,30.322832851409913
250,Bristol,UK,4.0,1359.0,51.45449829101562,-2.5879099369049072
251,Springfield,MO,4.0,44707.0,37.20899963378906,-93.29229736328124
252,Green Bay,WI,4.0,21930.0,44.51919937133789,-88.0197982788086
253,Springfield,MA,4.0,43822.0,42.10150146484375,-72.58979797363281
254,Waterford,Ireland,4.0,296.0,52.25230026245117,-7.127210140228272
255,Wilmington,OH,3.0,3564.0,39.4453010559082,-83.82859802246094
256,Lakeland,FL,3.0,17236.0,28.039499282836925,-81.94979858398438
257,Lisburn,Ireland,3.0,172.0,53.1525993347168,-6.079969882965088
258,Launceston,Australia,3.0,1144.0,-41.42620086669922,147.11199951171875
259,Sussex,UK,3.0,485.0,50.86999893188477,-0.08799999952316283
260,Florida Keys,FL,3.0,19415.0,24.935800552368164,-80.61470031738281
261,Milan,Italy,3.0,1738.0,45.46542312306008,9.186055403447122
262,Valencia,Spain,3.0,350.0,39.46989822387695,-0.3762879967689514
263,Winnipeg,MB,3.0,6116.0,49.89559936523438,-97.13860321044922
264,Anchorage,AK,3.0,22314.0,61.21810150146485,-149.89999389648438
265,Auburn,WA,3.0,15534.0,47.30749893188477,-122.22699737548828
266,Kelowna,BC,3.0,3040.0,49.88800048828125,-119.49600219726562
267,Madrid,Spain,3.0,1505.0,40.41680145263672,-3.703789949417114
268,Toowoomba,Australia,3.0,64.0,-27.56060028076172,151.95399475097656
269,Lynn,MA,3.0,1578.0,42.46680068969727,-70.94950103759766
270,Warsaw,Poland,3.0,257.0,52.229698181152344,21.01219940185547
271,Battle Creek,MI,3.0,25134.0,42.32120132446289,-85.17970275878906
272,Townsville City,Australia,3.0,104.0,-19.26000022888184,146.82000732421875
273,Kitchener,ON,3.0,5986.0,43.43429946899414,-80.47769927978516
274,Cairns,Australia,3.0,1703.0,-16.920299530029293,145.77099609375
275,Barcelona,Spain,3.0,1431.0,41.385101318359375,2.1733999252319336
276,Barrie,ON,3.0,4573.0,44.38940048217773,-79.69029998779297
277,Laredo,TX,3.0,5908.0,27.50639915466309,-99.50749969482422
278,Milwaukee,WI,3.0,46757.0,43.03889846801758,-87.90650177001953
279,Bellingham,WA,3.0,10964.0,48.75960159301758,-122.48799896240234
280,Rochester,MN,3.0,12098.0,44.023399353027344,-92.46299743652344
281,Visakhapatnam,India,3.0,4.0,17.700000762939453,83.30000305175781
282,Eastern North Carolina,NC,3.0,3531.0,33.937000274658196,-78.21769714355469
283,Prague,Czech Republic,3.0,676.0,50.07550048828125,14.437800407409668
284,Edmonton,AB,3.0,11030.0,53.54439926147461,-113.49099731445312
285,Hervey Bay,Australia,3.0,130.0,-25.28499984741211,152.8730010986328
286,Montreal,QC,3.0,23255.0,45.50870132446289,-73.55400085449219
287,McAllen,TX,3.0,30226.0,26.203399658203125,-98.2300033569336
288,Guelph,ON,3.0,4354.0,43.5447998046875,-80.24819946289062
289,Sunderland,UK,3.0,138.0,54.9000015258789,-1.3899999856948853
290,West Midlands,UK,3.0,1563.0,52.48619842529297,-1.8904000520706177
291,Daytona Beach,FL,3.0,33665.0,29.22960090637207,-81.01080322265625
292,Newcastle,Australia,3.0,69.0,-32.92779922485352,151.78399658203125
293,Bern,Switzerland,3.0,624.0,46.9478988647461,7.444610118865968
294,Berlin,Germany,3.0,914.0,52.52000045776367,13.404999732971193
295,Sioux Falls,SD,3.0,1500.0,43.54460144042969,-96.7311019897461
296,Everett,WA,3.0,27081.0,47.97900009155274,-122.2020034790039
297,Bournemouth,UK,3.0,372.0,50.719200134277344,-1.880769968032837
298,Sofia,Bulgaria,3.0,7740.0,42.69770050048828,23.3218994140625
299,Fayetteville,AR,3.0,44060.0,36.062599182128906,-94.15740203857422
300,Jacksonville,NC,3.0,50945.0,34.75389862060547,-77.43060302734375
301,Berkshire,UK,3.0,117.0,51.5,-1.25
302,Jersey City,NJ,3.0,1952.0,40.72809982299805,-74.0781021118164
303,Zaporizhia,Ukraine,2.0,39.0,47.82889938354492,35.16249847412109
304,Zaragoza,Spain,2.0,76.0,41.64879989624024,-0.8890849947929382
305,Balearic Islands,Spain,2.0,53.0,39.53419876098633,2.8577098846435547
306,Avocado Heights,CA,2.0,30683.0,34.029998779296875,-117.98999786376952
307,Mannheim,Germany,2.0,86.0,49.48749923706055,8.466039657592772
308,Ranch Cucamonga,CA,2.0,16912.0,34.09999847412109,-117.56999969482422
309,MS,USA,2.0,19423.0,32.354698181152344,-89.39849853515625
310,Alexandria,Egypt,2.0,1961.0,31.20000076293945,29.90999984741211
311,Maidenhead,UK,2.0,104.0,51.5167007446289,-0.699999988079071
312,Alexandria,LA,2.0,10055.0,31.31130027770996,-92.44509887695312
313,Malaga,Spain,2.0,180.0,36.72129821777344,-4.42126989364624
314,Amsterdam,Netherlands,2.0,1984.0,52.370201110839844,4.895170211791992
315,Medicine Hat,AB,2.0,947.0,50.04059982299805,-110.6760025024414
316,Amman,Jordan,2.0,951.0,31.956600189208984,35.945701599121094
317,Amarillo,TX,2.0,40156.0,35.22200012207031,-101.83100128173828
318,Rotterdam,Netherlands,2.0,767.0,51.92419815063477,4.481780052185059
319,Cariboo,BC,2.0,669.0,52.4031982421875,-123.45500183105464
320,Potsdam,NY,2.0,1118.0,44.6697998046875,-74.9813003540039
321,Wales,UK,2.0,101.0,52.13069915771485,-3.78371000289917
322,Florence,SC,2.0,37786.0,34.19540023803711,-79.76260375976562
323,Niagara Falls,ON,2.0,5784.0,43.089599609375,-79.08489990234375
324,Nicosia,Cyprus,2.0,158.0,34.916698455810554,33.63330078125
325,Stuttgart,Germany,2.0,208.0,48.77539825439453,9.18175983428955
326,Sunshine Coast,BC,2.0,1032.0,49.7603988647461,-123.76399993896484
327,Durban,South Africa,2.0,5333.0,-29.857900619506847,31.027599334716808
328,Victoria,BC,2.0,975.0,48.42839813232422,-123.36599731445312
329,Devon,UK,2.0,822.0,50.777198791503906,-3.999459981918335
330,Derby,UK,2.0,638.0,52.92250061035156,-1.47461998462677
331,Venice,Italy,2.0,689.0,45.44079971313477,12.315500259399414
332,Buffalo,NY,2.0,38347.0,42.88639831542969,-78.87840270996094
333,Odessa,Ukraine,2.0,7414.0,50.45009994506836,30.523399353027344
334,Coventry,UK,2.0,281.0,52.40679931640625,-1.5196900367736816
335,Corsica,France,2.0,146.0,42.03960037231445,9.012889862060547
336,Toledo,OH,2.0,53814.0,41.66389846801758,-83.5551986694336
337,College Station,TX,2.0,11737.0,30.62800025939941,-96.33439636230469
338,VA,USA,2.0,4091.0,37.43159866333008,-78.65689849853516
339,Oslo,Norway,2.0,363.0,59.91389846801758,10.75220012664795
340,Upper Peninsula,MI,2.0,11748.0,46.537498474121094,-87.39520263671875
341,Cape Town,South Africa,2.0,6695.0,-33.92490005493164,18.42410087585449
342,Champaign,IL,2.0,40022.0,40.11640167236328,-88.24340057373047
343,Orange County,CA,2.0,56875.0,33.68050003051758,-117.86000061035156
344,Twin Tiers,NY,2.0,4336.0,42.17340087890625,-76.73660278320312
345,Niagara,ON,2.0,7356.0,43.25,-79.06670379638672
346,Florence,Italy,2.0,171.0,43.77099990844727,11.248000144958496
347,Spokane,WA,2.0,44016.0,47.65039825439453,-117.4459991455078
348,Humboldt County,CA,2.0,28395.0,40.74499893188477,-123.87000274658205
349,Bangkok,Thailand,2.0,6054.0,13.727899551391602,100.52400207519531
350,Abbotsford,BC,2.0,1627.0,49.05459976196289,-122.3280029296875
351,Kuwait,Kuwait,2.0,2682.0,29.314357845041844,47.502311557198
352,Kiev,Ukraine,2.0,1119.0,50.45009994506836,30.523399353027344
353,Santa Cruz,CA,2.0,15738.0,36.974098205566406,-122.03099822998048
354,Nassau,Bahamas,2.0,271.0,25.08329963684082,-77.3499984741211
355,Wilkes-Barre,PA,2.0,31951.0,41.24580001831055,-75.88169860839844
356,New Haven,CT,2.0,45628.0,41.30830001831055,-72.92790222167969
357,Johannesburg,South Africa,2.0,8900.0,-26.20409965515137,28.04730033874512
358,Jackson,TN,2.0,6526.0,35.61439895629883,-88.81390380859375
359,Savannah,GA,2.0,44556.0,32.083499908447266,-81.09980010986328
360,Galway,Ireland,2.0,44.0,53.27190017700195,-9.048890113830566
361,Inland Empire,CA,2.0,56064.0,34.054901123046875,-117.56500244140624
362,Shanghai,China,2.0,5207.0,31.23040008544922,121.4739990234375
363,Brantford,ON,2.0,3771.0,43.13940048217773,-80.26439666748047
364,Seoul,South Korea,2.0,4074.0,37.56650161743164,126.97799682617188
365,Seville,Spain,2.0,138.0,37.388099670410156,-5.982329845428468
366,Greensboro,NC,2.0,53005.0,36.072601318359375,-79.79199981689453
367,Southern Maryland,MD,2.0,33953.0,38.47999954223633,-76.70999908447266
368,Somerset,UK,2.0,657.0,51.05870056152344,-2.9499099254608154
369,Bradford,UK,2.0,287.0,53.79600143432617,-1.7594000101089478
370,Palmdale,CA,2.0,24592.0,34.57939910888672,-118.11599731445312
371,Newport,RI,2.0,3471.0,41.4901008605957,-71.31279754638672
372,Portsmouth,VA,1.0,29453.0,36.83539962768555,-76.29830169677734
373,Poznan,Poland,1.0,8.0,52.41669845581055,16.966699600219727
374,Prince George,BC,1.0,1297.0,53.91709899902344,-122.75
375,Podgorica,Montenegro,1.0,7.0,42.44110107421875,19.26359939575196
376,Plymouth,UK,1.0,702.0,50.3754997253418,-4.142660140991212
377,Perugia,Italy,1.0,70.0,43.11069869995117,12.39080047607422
378,Plymouth,NH,1.0,702.0,43.75699996948242,-71.68820190429688
379,Port Elizabeth,South Africa,1.0,4830.0,-33.71200180053711,25.513999938964844
380,Porto,Portugal,1.0,716.0,41.156700134277344,-8.623929977416992
381,Aarhus,Denmark,1.0,43.0,56.15340042114258,10.225500106811523
382,Provo,UT,1.0,6618.0,40.23379898071289,-111.65899658203124
383,Pueblo,CO,1.0,13613.0,38.25439834594727,-104.60900115966795
384,TX,USA,1.0,22553.0,31.96859931945801,-99.90180206298828
385,Tauranga,New Zealand,1.0,44.0,-37.68610000610352,176.16700744628906
386,The Hague,Netherlands,1.0,627.0,52.07049942016602,4.3007001876831055
387,Thessaloniki,Greece,1.0,179.0,40.64360046386719,22.93090057373047
388,Tijuana,Mexico,1.0,1399.0,32.51490020751953,-117.03800201416016
389,Timisoara,Romania,1.0,0.0,0.0,0.0
390,Tokyo,Japan,1.0,3136.0,35.68949890136719,139.69200134277344
391,Trieste,Italy,1.0,36.0,45.64860153198242,13.779999732971193
392,Turin,Italy,1.0,175.0,45.07099914550781,7.685679912567139
393,Tuscaloosa,AL,1.0,17676.0,33.209800720214844,-87.56919860839844
394,Umeå,Sweden,1.0,30.0,63.83330154418945,20.25
395,Uppsala,Sweden,1.0,46.0,59.849998474121094,17.63330078125
396,Utrecht,Netherlands,1.0,711.0,52.09180068969727,5.114570140838623
397,Valladolid,Spain,1.0,52.0,41.65230178833008,-4.724530220031738
398,Vernon,BC,1.0,1661.0,50.2667007446289,-119.26699829101562
399,Vienna,Austria,1.0,1231.0,48.20819854736328,16.37380027770996
400,Vilnius,Lithuania,1.0,130.0,54.68920135498047,25.279800415039066
401,Waterbury,CT,1.0,37573.0,41.558101654052734,-73.0519027709961
402,Waterloo,IA,1.0,16132.0,42.49280166625977,-92.34300231933594
403,Waukegan,IL,1.0,7502.0,42.36360168457031,-87.8447036743164
404,Wheeling,WV,1.0,11136.0,40.06399917602539,-80.72090148925781
405,Whistler,BC,1.0,976.0,50.11629867553711,-122.95700073242188
406,Williamsport,PA,1.0,9057.0,41.2411994934082,-77.0010986328125
407,Wroclaw,Poland,1.0,28.0,51.1078987121582,17.03849983215332
408,Yonkers,NY,1.0,1293.0,40.93119812011719,-73.89869689941406
409,Zagreb,Croatia,1.0,176.0,45.099998474121094,15.199999809265135
410,Zurich,Switzerland,1.0,217.0,47.36859893798828,8.539179801940918
411,Szeged,Hungary,1.0,3.0,46.25,20.16670036315918
412,Szczecin,Poland,1.0,1.0,53.43949890136719,14.593899726867676
413,Swansea,Wales,1.0,245.0,51.63330078125,-3.966670036315918
414,Saskatoon,SK,1.0,3036.0,52.1343994140625,-106.64800262451172
415,Reserve,LA,1.0,1345.0,30.053600311279297,-90.55169677734376
416,Riga,Latvia,1.0,331.0,56.94960021972656,24.10519981384277
417,Roanoke,VA,1.0,43742.0,37.27099990844727,-79.94139862060547
418,Rome,Italy,1.0,1625.0,41.89289855957031,12.482500076293945
419,Rostock,Germany,1.0,73.0,54.08340072631836,12.1003999710083
420,Saarbrücken,Germany,1.0,18.0,49.233299255371094,7.0
421,Saint Paul,MN,1.0,7204.0,44.95370101928711,-93.08999633789062
422,Salamanca,Spain,1.0,3.0,40.96810150146485,-5.662020206451416
423,Salem,OR,1.0,19871.0,44.94290161132813,-123.03500366210938
424,San Sebastian,Spain,1.0,94.0,40.46369934082031,-3.74921989440918
425,Sarajevo,Bosnia,1.0,42.0,43.84859848022461,18.35639953613281
426,Sardinia,Italy,1.0,74.0,40.12089920043945,9.012889862060547
427,Sedona,AZ,1.0,10830.0,34.869701385498054,-111.76100158691406
428,Surrey,BC,1.0,2360.0,49.13639831542969,-122.82099914550777
429,Sharjah,UAE,1.0,5744.0,25.357500076293945,55.39189910888672
430,Shenzhen,China,1.0,1249.0,22.543100357055664,114.05799865722656
431,Sicily,Italy,1.0,104.0,37.599998474121094,14.015399932861328
432,Skeena,BC,1.0,527.0,54.24980163574219,-129.83299255371094
433,South Bend,IN,1.0,34914.0,41.67639923095703,-86.25199890136719
434,St Augustine,FL,1.0,8090.0,29.89430046081543,-81.31320190429688
435,Stockholm,Sweden,1.0,5081.0,59.32889938354492,18.064899444580078
436,Stockton,CA,1.0,54299.0,37.95769882202149,-121.29100036621094
437,Strasbourg,France,1.0,237.0,48.58309936523438,7.747879981994629
438,Sudbury,ON,1.0,2822.0,46.4900016784668,-81.01000213623047
439,Suffolk,VA,1.0,16601.0,36.72819900512695,-76.58360290527344
440,Superior,WI,1.0,2202.0,46.72079849243164,-92.10389709472656
441,Space Coast,FL,1.0,35563.0,28.5137996673584,-80.79949951171875
442,Lausanne,Switzerland,1.0,242.0,46.52000045776367,6.6336002349853525
443,Penn State,PA,1.0,897.0,40.793399810791016,-77.86000061035156
444,Craiova,Romania,1.0,1.0,44.31669998168945,23.79999923706055
445,Copenhagen,Denmark,1.0,194.0,55.67610168457031,12.568300247192385
446,Constanta,Romania,1.0,0.0,0.0,0.0
447,Concord,NH,1.0,8053.0,43.208099365234375,-71.53759765625
448,Cologne,Germany,1.0,183.0,50.9375,6.960279941558838
449,Coimbra,Portugal,1.0,43.0,40.20560073852539,-8.419549942016603
450,Cluj-Napoca,Romania,1.0,2.0,46.7667007446289,23.60000038146973
451,Clearlake,CA,1.0,3306.0,38.95830154418945,-122.625
452,Chelsea,UK,1.0,3753.0,51.51119995117188,-0.11982399970293045
453,Chautauqua,NY,1.0,2825.0,42.20980072021485,-79.466796875
454,Charleston,WV,1.0,6547.0,38.34980010986328,-81.63259887695312
455,Charleroi,Belgium,1.0,213.0,50.41080093383789,4.444640159606934
456,Chambersburg,PA,1.0,802.0,39.81100082397461,-78.63420104980469
457,Cebu City,Philippines,1.0,186.0,10.315699577331543,123.88500213623048
458,Catskill Mountains,NY,1.0,5060.0,42.21969985961914,-74.50250244140625
459,Cardiff,Wales,1.0,560.0,51.48160171508789,-3.1790900230407715
460,Cannes,France,1.0,175.0,43.55279922485352,7.0173702239990225
461,Canary Islands,Spain,1.0,128.0,28.29159927368164,-16.629100799560547
462,Camden,UK,1.0,1326.0,51.55170059204102,-0.1588259935379028
463,Camden,IL,1.0,1326.0,40.15370178222656,-90.77069854736328
464,Cornwall,ON,1.0,1940.0,45.02130126953125,-74.73030090332031
465,Cranbrook,BC,1.0,1006.0,49.51300048828125,-115.7689971923828
466,Fort McMurray,AB,1.0,1810.0,56.72639846801758,-111.37999725341795
467,Crete,Greece,1.0,26.0,35.230499267578125,24.844900131225586
468,Flint,MI,1.0,40178.0,43.01250076293945,-83.6875
469,Finger Lakes,NY,1.0,2190.0,42.83340072631836,-77.0
470,Findlay,OH,1.0,13347.0,40.75429916381836,-84.08319854736328
471,Faro,Sweden,1.0,115.0,57.94419860839844,19.14249992370605
472,Fairfield,NY,1.0,13115.0,43.137298583984375,-74.91320037841797
473,Essen,Germany,1.0,211.0,51.45560073852539,7.0115599632263175
474,Erie,PA,1.0,24442.0,42.12919998168945,-80.08509826660156
475,Elmira,NY,1.0,5976.0,42.08980178833008,-76.80770111083984
476,Eindhoven,Netherlands,1.0,320.0,51.44160079956055,5.469719886779785
477,Dusseldorf,Germany,1.0,263.0,51.227699279785156,6.773459911346436
478,Dresden,Germany,1.0,133.0,51.05039978027344,13.737299919128418
479,Dortmund,Germany,1.0,158.0,51.5,7.460000038146973
480,Donetsk,Ukraine,1.0,3.0,47.99169921875,37.7759017944336
481,Dnipropetrovsk,Ukraine,1.0,3.0,48.4630012512207,35.03900146484375
482,Decatur,IL,1.0,16783.0,39.84030151367188,-88.95480346679688
483,Debrecen,Hungary,1.0,4.0,47.53329849243164,21.63330078125
484,Davenport,IA,1.0,35415.0,41.521400451660156,-90.57460021972656
485,Danville,VA,1.0,6468.0,36.58599853515625,-79.3949966430664
486,Danville,IL,1.0,812.0,40.1244010925293,-87.62999725341797
487,Calabria,Italy,1.0,71.0,39.308799743652344,16.346399307250973
488,Cadiz,Spain,1.0,10.0,36.527099609375,-6.288599967956543
489,Bydgoszcz,Poland,1.0,4.0,53.12710189819336,18.020000457763672
490,Burlington,ON,1.0,5632.0,43.31999969482422,-79.79000091552734
491,Bergen,Norway,1.0,81.0,60.3911018371582,5.3247199058532715
492,Belleville,ON,1.0,2705.0,44.16279983520508,-77.3832015991211
493,Belgrade,Serbia,1.0,625.0,44.86000061035156,20.40999984741211
494,Beijing,China,1.0,2517.0,39.90399932861328,116.40799713134766
495,Basel,Switzerland,1.0,281.0,47.55739974975586,7.592569828033447
496,Bari,Italy,1.0,24.0,41.13330078125,16.850000381469727
497,Augusta,ME,1.0,5001.0,44.31060028076172,-69.77999877929689
498,Auburn,AL,1.0,22633.0,32.609901428222656,-85.48079681396484
499,Atlantic City,NJ,1.0,3324.0,39.364200592041016,-74.42330169677734
500,Athens,GA,1.0,4585.0,33.950000762939446,-83.38330078125
501,Arlington,VA,1.0,2324.0,38.88000106811523,-77.10900115966797
502,Arlington,TX,1.0,7301.0,32.735000610351555,-97.10900115966795
503,Antwerp,Belgium,1.0,509.0,51.219398498535156,4.402460098266602
504,Altoona,PA,1.0,23779.0,40.518699645996094,-78.39469909667969
505,Alicante,Spain,1.0,129.0,38.34600067138672,-0.4906849861145019
506,Albany,NY,1.0,41264.0,42.6525993347168,-73.7562026977539
507,Albany,GA,1.0,42302.0,31.578500747680664,-84.15570068359375
508,Al Ain,AZ,1.0,2066.0,24.20739936828613,55.6864013671875
509,Ajax,ON,1.0,3629.0,43.85089874267578,-79.02040100097656
510,Berkeley,CA,1.0,26557.0,37.87160110473633,-122.27300262451172
511,Białystok,Poland,1.0,3.0,53.140098571777344,23.18269920349121
512,Bilbao,Spain,1.0,190.0,43.25669860839844,-2.9240601062774663
513,Bridgeport,CT,1.0,35795.0,41.186500549316406,-73.19519805908203
514,Burlington,NC,1.0,5632.0,36.09560012817383,-79.43810272216797
515,Budapest,Hungary,1.0,615.0,47.27757054150589,19.344414849009944
516,Brussels,Belgium,1.0,2060.0,50.76723080607294,4.380062167621353
517,Brunswick,GA,1.0,16022.0,31.149999618530284,-81.49150085449219
518,Bruges,Belgium,1.0,34.0,51.21670150756836,3.2333300113677983
519,Broomfield,CO,1.0,113.0,39.92060089111328,-105.08599853515624
520,Brockton,MA,1.0,28712.0,42.08000183105469,-71.0199966430664
521,Brittany,France,1.0,190.0,48.20199966430664,-2.9326400756835938
522,Brescia,Italy,1.0,24.0,45.54999923706055,10.25
523,Binghamton,NY,1.0,25738.0,42.09870147705078,-75.91799926757812
524,Bremen,Germany,1.0,138.0,53.07929992675781,8.801690101623535
525,Bratislava,Slovakia,1.0,146.0,48.14590072631836,17.107099533081055
526,Brasov,Romania,1.0,0.0,0.0,0.0
527,Braga,Portugal,1.0,111.0,41.5453987121582,-8.426509857177733
528,Bordeaux,France,1.0,266.0,44.837799072265625,-0.5791800022125244
529,Boone,NC,1.0,5207.0,36.21680068969727,-81.67459869384766
530,Bologna,Italy,1.0,226.0,44.49489974975586,11.342599868774414
531,Bodensee,Germany,1.0,30.0,51.599998474121094,10.133299827575684
532,Forli Cesena,Italy,1.0,77.0,43.9900016784668,11.979999542236328
533,Frankfurt,Germany,1.0,614.0,50.11090087890625,8.682129859924316
534,Peace River,BC,1.0,1299.0,55.7156982421875,-120.13400268554688
535,Mohave,AZ,1.0,4592.0,35.214298248291016,-113.76300048828124
536,Miskolc,Hungary,1.0,3.0,48.099998474121094,20.78330039978028
537,Minsk,Belarus,1.0,1478.0,52.78419876098633,30.448299407958984
538,Meadville,PA,1.0,2494.0,41.64139938354492,-80.15149688720703
539,Mattoon,IL,1.0,1663.0,39.48310089111328,-88.372802734375
540,Marseille,France,1.0,271.0,43.29650115966797,5.36978006362915
541,Marietta,GA,1.0,28565.0,33.952499389648445,-84.55000305175781
542,Manama,Bahrain,1.0,3551.0,26.21669960021973,50.58330154418945
543,Malmo,Sweden,1.0,98.0,55.60499954223633,13.00380039215088
544,Mallorca,Spain,1.0,199.0,39.57120132446289,2.646630048751831
545,MI,USA,1.0,20411.0,44.31480026245117,-85.60240173339844
546,Lyon,France,1.0,399.0,45.76399993896485,4.835659980773926
547,Lviv,Ukraine,1.0,25.0,49.8406982421875,24.030500411987305
548,Luxemburg City,Luxembourg,1.0,259.0,49.61159896850586,6.131929874420166
549,Lugano,Switzerland,1.0,41.0,46.00619888305664,8.951140403747559
550,Lublin,Poland,1.0,2.0,51.25,22.56669998168945
551,Lubeck,Germany,1.0,19.0,53.86589813232422,10.687100410461426
552,Lubbock,TX,1.0,43428.0,33.57789993286133,-101.8550033569336
553,Loire,France,1.0,233.0,45.98460006713867,4.0525498390197745
554,Lodz,Poland,1.0,5.0,51.75,19.466699600219727
555,Modesto,CA,1.0,48644.0,37.63909912109375,-120.99700164794922
556,Moncton,NB,1.0,542.0,46.08700180053711,-64.78800201416016
557,Franklin,MI,1.0,1067.0,42.52220153808594,-83.30609893798828
558,Montego Bay,Jamaica,1.0,45.0,18.466699600219727,-77.91670227050781
559,Patras,Greece,1.0,22.0,38.24660110473633,21.734600067138672
560,Paris,France,1.0,5851.0,48.85660171508789,2.352220058441162
561,Palma,Spain,1.0,25.0,39.57429885864258,2.655220031738281
562,Palm Bay,FL,1.0,23672.0,28.03420066833496,-80.58889770507812
563,Oviedo,Spain,1.0,5.0,43.36320114135742,-5.853129863739014
564,Oshawa,ON,1.0,3549.0,43.900001525878906,-78.87000274658203
565,Olympia,WA,1.0,30110.0,47.03789901733398,-122.9010009765625
566,Nuremberg,Germany,1.0,49.0,49.45199966430664,11.076700210571287
567,North Bay,ON,1.0,11372.0,46.31000137329102,-79.44999694824219
568,North Bay,CA,1.0,39623.0,37.97600173950195,-122.52999877929688
569,Norrköping,Sweden,1.0,28.0,58.599998474121094,16.183300018310547
570,Normandy,France,1.0,172.0,48.87990188598633,0.1712529957294464
571,Naples,FL,1.0,16424.0,26.142000198364247,-81.7947998046875
572,Nantes,France,1.0,41.0,47.21649932861328,-1.5523799657821655
573,Muscat,Oman,1.0,5165.0,23.61000061035156,58.540000915527344
574,Murcia,Spain,1.0,3.0,37.98699951171875,-1.1300400495529177
575,Munich,Germany,1.0,159.0,48.13584064987471,11.581697913835635
576,Montpellier,France,1.0,202.0,43.610801696777344,3.8767199516296387
577,Montgomery,AL,1.0,45301.0,32.366798400878906,-86.30000305175781
578,Lisbon,Portugal,1.0,1545.0,38.723987934890296,-9.145358308464964
579,Limerick,Ireland,1.0,162.0,52.66799926757813,-8.630499839782715
580,Lille,France,1.0,295.0,50.62919998168945,3.0572600364685063
581,Lewiston,ID,1.0,2449.0,46.40039825439453,-117.0009994506836
582,Guangzhou,China,1.0,1535.0,23.12919998168945,113.26399993896484
583,Groningen,Netherlands,1.0,164.0,53.21670150756836,6.550000190734862
584,Greenville,SC,1.0,48270.0,34.85260009765625,-82.39399719238281
585,Grande Prairie,AB,1.0,1093.0,55.16999816894531,-118.8000030517578
586,Granada,Spain,1.0,302.0,37.17729949951172,-3.5985600948333736
587,Gothenburg,Sweden,1.0,167.0,57.70890045166018,11.974599838256836
588,Goldsboro,NC,1.0,20676.0,35.384700775146484,-77.99310302734375
589,Gloucester,UK,1.0,255.0,51.86420059204102,-2.2381598949432373
590,Glens Falls,NY,1.0,8903.0,43.30950164794922,-73.64399719238281
591,Ghent,Belgium,1.0,323.0,51.04999923706055,3.716670036315918
592,Genoa,Italy,1.0,91.0,44.40570068359375,8.946260452270508
593,Geneva,Switzerland,1.0,324.0,46.19839859008789,6.142300128936768
594,Gdansk,Poland,1.0,5.0,54.36090087890625,18.65830039978028
595,Galicia,Spain,1.0,2.0,42.75490188598633,-7.927199840545653
596,Galati,Romania,1.0,0.0,0.0,0.0
597,Freiburg,Germany,1.0,25.0,48.0,7.8499999046325675
598,Fredericton,NB,1.0,1463.0,45.963600158691406,-66.64309692382811
599,Fredericksburg,VA,1.0,26716.0,38.303199768066406,-77.46050262451172
600,Frederick,MD,1.0,12268.0,39.41429901123047,-77.4104995727539
601,Gulfport,MS,1.0,91.0,30.36720085144043,-89.0927963256836
602,Hamburg,Germany,1.0,384.0,53.55110168457031,9.993680000305176
603,Hammersmith,UK,1.0,610.0,51.4911994934082,-0.2237319946289062
604,Karlsruhe,Germany,1.0,127.0,49.00910186767578,8.379940032958983
605,Lethbridge,AB,1.0,2242.0,49.69350051879883,-112.84200286865234
606,Leipzig,Germany,1.0,140.0,51.339698791503906,12.37310028076172
607,Lansing,MI,1.0,38236.0,42.73249816894531,-84.55549621582031
608,Krakow,Poland,1.0,35.0,50.06470108032226,19.94499969482422
609,Kosice,Slovakia,1.0,2.0,48.71670150756836,21.25
610,Kiel,Germany,1.0,68.0,54.32329940795898,10.12279987335205
611,Kharkiv,Ukraine,1.0,7.0,49.98080062866211,36.25270080566406
612,Katowice,Poland,1.0,8.0,50.2583999633789,19.02750015258789
613,Kamloops,BC,1.0,1546.0,50.67449951171875,-120.3270034790039
614,Hanford,CA,1.0,920.0,36.32749938964844,-119.6449966430664
615,Kaiserslautern,Germany,1.0,118.0,49.440101623535156,7.749129772186278
616,Jönköping,Sweden,1.0,29.0,57.78329849243164,14.183300018310547
617,Istanbul,Turkey,1.0,11761.0,41.00529861450195,28.976999282836925
618,Hudson Valley,NY,1.0,21364.0,41.844398498535156,-74.07430267333984
619,Hudson,FL,1.0,5279.0,28.364200592041016,-82.693603515625
620,Helsinki,Finland,1.0,361.0,60.173301696777344,24.94099998474121
621,Helsingborg,Sweden,1.0,27.0,56.04999923706055,12.699999809265135
622,Heidelberg,Germany,1.0,196.0,49.39879989624024,8.672430038452147
623,Örebro,Sweden,1.0,29.0,59.28329849243164,15.216699600219727
624,Killeen,TX,0.0,55978.0,31.11709976196289,-97.72779846191406
625,Bakersfield,CA,0.0,52692.0,35.37329864501953,-119.0189971923828
626,Fresno,CA,0.0,52278.0,36.74679946899414,-119.77300262451172
627,Odessa,TX,0.0,48771.0,31.84569931030273,-102.36799621582031
628,Columbus,GA,0.0,43539.0,32.46099853515625,-84.98770141601562
629,Baton Rouge,LA,0.0,43186.0,30.45829963684082,-91.14029693603516
630,Evansville,IN,0.0,40273.0,37.97159957885742,-87.57109832763672
631,Huntsville,AL,0.0,39376.0,34.73040008544922,-86.58609771728516
632,Syracuse,NY,0.0,37681.0,43.048099517822266,-76.14739990234375
633,Chesapeake,VA,0.0,37290.0,36.7681999206543,-76.2874984741211
634,Lake Charles,LA,0.0,36938.0,30.226600646972656,-93.21739959716795
635,Asheville,NC,0.0,36085.0,35.59510040283203,-82.55149841308594
636,Fort Wayne,IN,0.0,35836.0,41.07929992675781,-85.13939666748047
637,Monroe,LA,0.0,35223.0,32.509300231933594,-92.11930084228516
638,Cherry Hill,NJ,0.0,34230.0,39.93470001220703,-75.03109741210938
639,Roswell,NM,0.0,32259.0,33.587501525878906,-104.51100158691406
640,Hampton,VA,0.0,32093.0,37.02989959716797,-76.34519958496094
641,Monterey,CA,0.0,31886.0,36.60020065307617,-121.8949966430664
642,York,PA,0.0,31764.0,39.96260070800781,-76.72769927978516
643,Clarksville,TN,0.0,29802.0,36.52980041503906,-87.3594970703125
644,Medford,OR,0.0,28968.0,42.32649993896485,-122.8759994506836
645,Cape Cod,MA,0.0,28005.0,41.67290115356445,-70.33910369873047
646,Carlisle,PA,0.0,27554.0,40.20140075683594,-77.18920135498047
647,Hilton Head,SC,0.0,27514.0,32.21630096435547,-80.75260162353516
648,Bowling Green,KY,0.0,26812.0,36.99029922485352,-86.443603515625
649,Saginaw,MI,0.0,26748.0,43.41949844360352,-83.95079803466797
650,Owensboro,KY,0.0,25623.0,37.77190017700195,-87.11119842529297
651,San Mateo,CA,0.0,25602.0,37.5629997253418,-122.32599639892578
652,treasure coast,FL,0.0,25563.0,27.63640022277832,-80.51349639892578
653,Rocky Mount,NC,0.0,25475.0,35.9380989074707,-77.79080200195312
654,Merced,CA,0.0,23889.0,37.30220031738281,-120.48300170898438
655,Abu Dhabi,UAE,0.0,23591.0,24.46669960021973,54.36669921875
656,Janesville,WI,0.0,23490.0,42.68280029296875,-89.0186996459961
657,Santa Rosa,CA,0.0,21259.0,38.44400024414063,-122.72000122070312
658,Corpus Christi,TX,0.0,21257.0,27.800600051879886,-97.39640045166016
659,Santa Maria,CA,0.0,21184.0,34.952999114990234,-120.43599700927734
660,Racine,WI,0.0,21147.0,42.72610092163086,-87.78289794921875
661,Joplin,MO,0.0,20992.0,37.08420181274414,-94.51329803466795
662,Yakima,WA,0.0,20669.0,46.60210037231445,-120.50599670410156
663,Puyallup,WA,0.0,20549.0,47.18560028076172,-122.29199981689449
664,Solano County,CA,0.0,20445.0,38.26689910888672,-121.94000244140621
665,Carbondale,IL,0.0,20215.0,37.727298736572266,-89.216796875
666,Aiken,SC,0.0,20109.0,33.56029891967773,-81.7197036743164
667,Fairfax,VA,0.0,19834.0,38.846099853515625,-77.30670166015625
668,Muncie,IN,0.0,19121.0,40.19340133666992,-85.38639831542969
669,Denton,TX,0.0,19012.0,33.21480178833008,-97.1331024169922
670,Fairfax County,VA,0.0,18924.0,38.83509826660156,-77.27639770507812
671,San Joaquin Valley,CA,0.0,18669.0,36.62889862060547,-120.18499755859379
672,Charlottesville,VA,0.0,18571.0,38.02930068969727,-78.47669982910156
673,Pinellas County,Florida,0.0,18353.0,27.932600021362305,-82.7520980834961
674,Brownsville,TX,0.0,18347.0,25.90169906616211,-97.49749755859376
675,Junction City,KS,0.0,18115.0,39.02859878540039,-96.8311004638672
676,Warwick,UK,0.0,18003.0,52.28229904174805,-1.5849299430847168
677,Eugene,OR,0.0,17953.0,44.052101135253906,-123.08699798583984
678,GA,USA,0.0,17738.0,32.157398223876946,-82.90709686279297
679,Gadsden,AL,0.0,17667.0,34.01430130004883,-86.00659942626953
680,CO,USA,0.0,17147.0,39.54999923706055,-105.78199768066406
681,Gainesville,GA,0.0,17091.0,34.29779815673828,-83.82420349121094
682,Fargo,ND,0.0,17018.0,46.87720108032226,-96.78980255126952
683,Manhattan,KS,0.0,16942.0,39.18360137939453,-96.57170104980469
684,Dothan,AL,0.0,16781.0,31.22319984436035,-85.3905029296875
685,Romulus,MI,0.0,16579.0,42.22219848632813,-83.39669799804688
686,Cumberland Valley,PA,0.0,16507.0,39.81100082397461,-78.63420104980469
687,Mississauga,ON,0.0,16484.0,43.59000015258789,-79.6500015258789
688,Lowell,MA,0.0,16404.0,42.63000106811523,-71.30999755859375
689,Tri-Cities,WA,0.0,16023.0,46.23500061035156,-119.2229995727539
690,Minot,ND,0.0,15914.0,48.23249816894531,-101.2959976196289
691,Decatur,AL,0.0,15670.0,34.60580062866211,-86.9832992553711
692,Fairfield,CA,0.0,15382.0,38.2494010925293,-122.03900146484376
693,Kuala Lumpur,Malaysia,0.0,15192.0,3.1389999389648438,101.68699645996094
694,La Salle,IL,0.0,14812.0,41.4364013671875,-88.94139862060547
695,Salinas,CA,0.0,14127.0,36.67779922485352,-121.65399932861328
696,Santiago,Chile,0.0,13962.0,-33.469100952148445,-70.64199829101562
697,Fort Collins,CO,0.0,13833.0,40.58530044555664,-105.08399963378906
698,Garden City,MI,0.0,13512.0,42.325599670410156,-83.33110046386719
699,Huntington,WV,0.0,13487.0,38.41999816894531,-82.44999694824219
700,San Luis Obispo,CA,0.0,13290.0,35.282798767089844,-120.66000366210938
701,Abilene,TX,0.0,13085.0,32.448699951171875,-99.73310089111328
702,Valdosta,GA,0.0,12372.0,30.83270072937012,-83.27850341796875
703,Dubuque,IA,0.0,12226.0,42.5005989074707,-90.6645965576172
704,Texarkana,TX,0.0,11898.0,33.425098419189446,-94.04769897460938
705,Waco,TX,0.0,11761.0,31.549299240112305,-97.14669799804688
706,Lynchburg,VA,0.0,11427.0,37.41379928588867,-79.14230346679688
707,La Crosse,WI,0.0,11363.0,43.80139923095703,-91.2396011352539
708,Iowa City,IA,0.0,10985.0,41.66109848022461,-91.53019714355469
709,Utica,NY,0.0,10711.0,43.10089874267578,-75.23269653320312
710,KY,USA,0.0,10638.0,37.839298248291016,-84.2699966430664
711,Wichita Falls,TX,0.0,10524.0,33.91370010375977,-98.49340057373048
712,Lawrence,KS,0.0,10469.0,38.97169876098633,-95.23529815673828
713,Kokomo,IN,0.0,10461.0,40.48640060424805,-86.13359832763672
714,Stillwater,OK,0.0,9805.0,36.1156005859375,-97.05840301513672
715,Jakarta,Indonesia,0.0,9799.0,-6.211540222167969,106.84500122070312
716,Ogden,UT,0.0,9597.0,41.222999572753906,-111.9739990234375
717,Anaheim,CA,0.0,9515.0,33.83660125732422,-117.91400146484379
718,Lawton,OK,0.0,8903.0,34.603599548339844,-98.3958969116211
719,Hagerstown,MD,0.0,8855.0,39.641700744628906,-77.72029876708984
720,Quito,Ecuador,0.0,8685.0,-0.21709699928760529,-78.51699829101562
721,Santa Barbara,CA,0.0,8546.0,34.42079925537109,-119.697998046875
722,Cookeville,TN,0.0,8476.0,36.16279983520508,-85.50160217285156
723,Bloomsburg,PA,0.0,8440.0,41.00360107421875,-76.4552993774414
724,Wausau,WI,0.0,8354.0,44.95909881591797,-89.63009643554688
725,Brampton,ON,0.0,8275.0,43.72999954223633,-79.79000091552734
726,Tifton,GA,0.0,8211.0,31.450300216674805,-83.50859832763672
727,Lake of the Ozarks,MO,0.0,8114.0,38.13800048828125,-92.8104019165039
728,Saint Cloud,MN,0.0,8106.0,45.557899475097656,-94.16320037841795
729,Statesboro,GA,0.0,8098.0,32.44879913330078,-81.783203125
730,Bismarck,ND,0.0,7946.0,46.80830001831055,-100.78399658203124
731,Bend,OR,0.0,7894.0,44.05820083618164,-121.31500244140624
732,San Marcos,TX,0.0,7874.0,29.88330078125,-97.94139862060548
733,Sandusky,OH,0.0,7820.0,41.44889831542969,-82.70800018310547
734,Meridian,MS,0.0,7806.0,32.36429977416992,-88.70369720458984
735,Texoma,TX,0.0,7738.0,32.96289825439453,-96.33390045166016
736,Moline,IL,0.0,7711.0,41.50669860839844,-90.51499938964844
737,Galveston,TX,0.0,7496.0,29.301300048828125,-94.79769897460938
738,Corvallis,OR,0.0,7491.0,44.56460189819336,-123.26200103759766
739,Port Huron,MI,0.0,7439.0,42.97090148925781,-82.42489624023438
740,Western Maryland,MD,0.0,7335.0,39.29230117797852,-76.66290283203125
741,Santa Fe,NM,0.0,7287.0,35.6870002746582,-105.93800354003906
742,Markham,ON,0.0,7286.0,43.86000061035156,-79.33000183105469
743,Vaughan,ON,0.0,7286.0,43.83000183105469,-79.5199966430664
744,Harrisonburg,VA,0.0,7249.0,38.44960021972656,-78.868896484375
745,Idaho,USA,0.0,6805.0,44.06819915771485,-114.74199676513672
746,Malvern,AR,0.0,6693.0,34.36220169067383,-92.81279754638672
747,Portales,NM,0.0,6505.0,34.25960159301758,-103.23899841308594
748,Fort Mill,SC,0.0,6436.0,35.007198333740234,-80.94529724121094
749,Muscle Shoals,AL,0.0,6316.0,34.744800567626946,-87.6675033569336
750,Valparaiso,Chile,0.0,6172.0,-33.04700088500977,-71.61799621582031
751,Vacaville,CA,0.0,6161.0,38.3567008972168,-121.98699951171876
752,Prescott,AZ,0.0,6094.0,34.540000915527344,-112.46900177001952
753,Pittsfield,MA,0.0,6070.0,42.45000076293945,-73.24579620361328
754,Chatham,ON,0.0,5951.0,42.40480041503906,-82.19100189208984
755,Yuma,AZ,0.0,5923.0,32.667999267578125,-114.56700134277344
756,Cheyenne,WY,0.0,5878.0,41.13999938964844,-104.81999969482422
757,Terre Haute,IN,0.0,5788.0,39.46670150756836,-87.41390228271484
758,Leavenworth,KS,0.0,5763.0,39.31110000610352,-94.92220306396484
759,Grants Pass,OR,0.0,5721.0,42.43920135498047,-123.3270034790039
760,Oakville,ON,0.0,5682.0,43.47000122070313,-79.68000030517578
761,Las Cruces,NM,0.0,5675.0,32.319900512695305,-106.76399993896484
762,Mount Vernon,WA,0.0,5650.0,48.42119979858398,-122.33399963378906
763,Highland Park,IL,0.0,5475.0,42.18170166015625,-87.80030059814453
764,Huntington,OH,0.0,5472.0,38.97999954223633,-82.33999633789062
765,Grand Island,NE,0.0,5455.0,40.92639923095703,-98.34200286865234
766,Mendocino,CA,0.0,5450.0,39.307701110839844,-123.79900360107422
767,Oregon Coast,OR,0.0,5436.0,44.12179946899414,-124.1259994506836
768,San Bernardino,CA,0.0,5294.0,34.10829925537109,-117.28900146484379
769,Guadalajara,Mexico,0.0,5251.0,20.673599243164066,-103.34400177001949
770,Salina,KS,0.0,5179.0,38.82500076293945,-97.61000061035156
771,Ajman,UAE,0.0,5116.0,25.40999984741211,55.5099983215332
772,Maui,HI,0.0,5078.0,20.79840087890625,-156.33200073242188
773,Scarborough,UK,0.0,5017.0,54.28310012817383,-0.3997519910335541
774,Scarborough,ON,0.0,5017.0,43.77999877929688,-79.2300033569336
775,Pretoria,South Africa,0.0,4951.0,-25.731300354003906,28.218399047851552
776,Paris,IL,0.0,4511.0,39.61109924316406,-87.69609832763672
777,Taipei,Taiwan,0.0,4503.0,25.091100692749023,121.55999755859379
778,Huntsville,TX,0.0,4470.0,30.723499298095703,-95.55079650878906
779,Huntsville,ON,0.0,4470.0,45.33000183105469,-79.2300033569336
780,St George,UT,0.0,4457.0,37.095298767089844,-113.5780029296875
781,North York,ON,0.0,4391.0,43.7599983215332,-79.41999816894531
782,Hillsborough,CA,0.0,4367.0,37.57419967651367,-122.37799835205078
783,Sioux City,IA,0.0,4256.0,42.5,-96.40029907226562
784,Tel Aviv,Israel,0.0,4181.0,32.066200256347656,34.777801513671875
785,Riverside,CA,0.0,3997.0,33.939998626708984,-117.41000366210938
786,Mansfield,OH,0.0,3996.0,40.758399963378906,-82.5154037475586
787,Roseburg,OR,0.0,3976.0,43.21649932861328,-123.34200286865234
788,Bozeman,MT,0.0,3826.0,45.678001403808594,-111.04299926757812
789,Richmond Hill,ON,0.0,3783.0,43.88999938964844,-79.44000244140625
790,Eastern Shore,MD,0.0,3778.0,38.36780166625977,-75.5291976928711
791,Bali,Indonesia,0.0,3703.0,-8.260000228881836,115.08999633789062
792,Kowloon,Hong Kong,0.0,3689.0,22.31859970092773,114.18000030517578
793,Ithaca,NY,0.0,3676.0,42.44400024414063,-76.50189971923828
794,York Region,ON,0.0,3518.0,44.060001373291016,-79.45999908447266
795,Moses Lake,WA,0.0,3481.0,47.13010025024414,-119.27799987792969
796,Newmarket,ON,0.0,3480.0,44.060001373291016,-79.45999908447266
797,Eau Claire,WI,0.0,3477.0,44.81129837036133,-91.49849700927734
798,Guayaquil,Ecuador,0.0,3462.0,-2.1710000038146973,-79.92240142822266
799,Grand Forks,ND,0.0,3393.0,47.92530059814453,-97.03289794921876
800,Fremont,CA,0.0,3378.0,37.548301696777344,-121.98799896240234
801,Victoria,TX,0.0,3378.0,28.80529975891113,-97.00360107421876
802,Everett,MA,0.0,3340.0,42.40829849243164,-71.05419921875
803,Twin Falls,ID,0.0,3338.0,42.5629997253418,-114.46099853515624
804,Zanesville,OH,0.0,3307.0,39.97010040283203,-82.00769805908203
805,Mason City,IA,0.0,3286.0,43.15359878540039,-93.20079803466795
806,Sarnia,ON,0.0,3208.0,42.9744987487793,-82.40660095214844
807,Manalapan,NJ,0.0,3181.0,40.25719833374024,-74.39610290527344
808,St Joseph,MO,0.0,3166.0,39.75790023803711,-94.83650207519531
809,Wenatchee,WA,0.0,3155.0,47.423500061035156,-120.30999755859376
810,Farmington,NM,0.0,3154.0,36.72809982299805,-108.21900177001952
811,Laplace,LA,0.0,3148.0,30.0664005279541,-90.4800033569336
812,Costa Mesa,CA,0.0,3127.0,33.64120101928711,-117.91899871826172
813,Regina,SK,0.0,3106.0,50.4547004699707,-104.60700225830078
814,Watertown,NY,0.0,3099.0,43.97480010986328,-75.91079711914062
815,Lima,Peru,0.0,3060.0,-12.047800064086914,-77.06220245361328
816,Hialeah,FL,0.0,3026.0,25.857200622558604,-80.2782974243164
817,Sierra Vista,AZ,0.0,2991.0,31.545499801635746,-110.2770004272461
818,Imperial County,CA,0.0,2946.0,33.011398315429695,-115.4729995727539
819,Ukiah,CA,0.0,2930.0,39.150299072265625,-123.20700073242188
820,Outer Banks,NC,0.0,2900.0,35.24800109863281,-75.53929901123047
821,Fort Dodge,IA,0.0,2858.0,42.497501373291016,-94.16799926757812
822,Woodbridge,VA,0.0,2844.0,38.65810012817383,-77.25
823,Cape Girardeau,MO,0.0,2833.0,37.30580139160156,-89.51809692382812
824,Bloomington,IN,0.0,2785.0,39.16529846191406,-86.52639770507812
825,Athens,OH,0.0,2780.0,39.329200744628906,-82.10140228271484
826,Oceanside,CA,0.0,2728.0,33.19580078125,-117.37899780273438
827,Lahaina,HI,0.0,2702.0,20.87829971313477,-156.6820068359375
828,Miami Beach,FL,0.0,2699.0,25.79030036926269,-80.13030242919922
829,Bogota,Colombia,0.0,2671.0,4.633363912633098,-74.07464127163901
830,Show Low,AZ,0.0,2651.0,34.254199981689446,-110.02999877929688
831,Beirut,Lebanon,0.0,2647.0,33.888599395751946,35.49549865722656
832,Monroe,MI,0.0,2638.0,41.91640090942383,-83.39769744873047
833,Kihei,HI,0.0,2638.0,20.78499984741211,-156.46600341796875
834,Chillicothe,OH,0.0,2543.0,39.333099365234375,-82.9823989868164
835,Great Falls,MT,0.0,2529.0,47.50030136108398,-111.30000305175777
836,Dumas,TX,0.0,2525.0,35.8656005859375,-101.9729995727539
837,Torrance,CA,0.0,2489.0,33.835800170898445,-118.33999633789062
838,Tuscarawas County,OH,0.0,2483.0,40.44089889526367,-81.47370147705078
839,Helena,MT,0.0,2479.0,46.59579849243164,-112.0270004272461
840,Riviera Beach,FL,0.0,2472.0,26.774999618530284,-80.05829620361328
841,Hoboken,NJ,0.0,2433.0,40.74399948120117,-74.03240203857422
842,North Platte,NE,0.0,2339.0,41.14030075073242,-100.76000213623048
843,IL,USA,0.0,2288.0,40.63309860229492,-89.39849853515625
844,Doha,Qatar,0.0,2236.0,25.286699295043945,51.53329849243164
845,Logan,UT,0.0,2205.0,41.73699951171875,-111.83399963378906
846,Johor Bahru,Malaysia,0.0,2160.0,1.4900000095367432,103.73999786376952
847,Pullman,WA,0.0,2131.0,46.731300354003906,-117.18000030517578
848,Bangor,ME,0.0,2129.0,44.80110168457031,-68.77829742431639
849,Missoula,MT,0.0,2094.0,46.87300109863281,-114.02100372314452
850,Kenai,AK,0.0,2090.0,60.55440139770508,-151.25799560546875
851,Council Bluffs,IA,0.0,1980.0,41.26190185546875,-95.86080169677734
852,Ashtabula,OH,0.0,1957.0,41.8651008605957,-80.78980255126953
853,Duluth,MN,0.0,1952.0,46.78670120239258,-92.10050201416016
854,Elko,NV,0.0,1928.0,40.83240127563477,-115.76300048828124
855,Brainerd,MN,0.0,1919.0,46.35810089111328,-94.20059967041016
856,Karachi,Pakistan,0.0,1915.0,31.45219993591309,74.29329681396484
857,Henderson,NC,0.0,1915.0,36.32939910888672,-78.39939880371094
858,Salinas,PR,0.0,1884.0,17.979400634765625,-66.29830169677734
859,Mankato,MN,0.0,1851.0,44.16360092163086,-93.99939727783205
860,Quebec City,QC,0.0,1797.0,46.80329895019531,-71.2427978515625
861,Oneonta,NY,0.0,1782.0,42.45289993286133,-75.06379699707031
862,Langley,BC,0.0,1744.0,49.099998474121094,-122.6500015258789
863,Kauai,HI,0.0,1681.0,22.096399307250977,-159.5260009765625
864,San Rafael,CA,0.0,1659.0,37.97600173950195,-122.52999877929688
865,San Rafael,Argentina,0.0,1659.0,-34.61320114135742,-68.34100341796875
866,Plattsburgh,NY,0.0,1624.0,44.699501037597656,-73.4529037475586
867,Manila,Philippines,0.0,1622.0,14.599499702453613,120.98400115966795
868,Lahore,Pakistan,0.0,1612.0,31.45219993591309,74.29329681396484
869,Cuenca,Ecuador,0.0,1586.0,-2.9000000953674316,-79.01000213623047
870,Fairbanks,AK,0.0,1571.0,64.83779907226561,-147.71600341796875
871,Klamath Falls,OR,0.0,1562.0,42.22489929199219,-121.78199768066406
872,Burnaby,BC,0.0,1559.0,49.25,-122.9499969482422
873,Abidjan,Ivory Coast,0.0,1556.0,5.630000114440918,-4.25
874,Del Rio,TX,0.0,1543.0,29.37089920043945,-100.89600372314452
875,Aberdeen,SD,0.0,1529.0,45.464698791503906,-98.48609924316406
876,Panama City,FL,0.0,1462.0,30.15880012512207,-85.66020202636719
877,Ottumwa,IA,0.0,1415.0,41.01599884033203,-92.4083023071289
878,Quincy,IL,0.0,1412.0,41.38050079345703,-90.3936996459961
879,East Oregon,OR,0.0,1399.0,43.804100036621094,-120.5540008544922
880,Chula Vista,CA,0.0,1380.0,32.639999389648445,-117.08300018310548
881,Penang,Malaysia,0.0,1350.0,5.429999828338623,100.30000305175777
882,Federal Way,WA,0.0,1326.0,47.3224983215332,-122.31099700927734
883,Thunder Bay,ON,0.0,1321.0,48.38090133666992,-89.2477035522461
884,Santa Monica,CA,0.0,1314.0,34.0,-118.5
885,Napa,CA,0.0,1306.0,38.29750061035156,-122.28700256347656
886,Susanville,CA,0.0,1299.0,40.41630172729492,-120.65299987792964
887,Skowhegan,ME,0.0,1296.0,44.76499938964844,-69.71970367431639
888,Waterville,ME,0.0,1285.0,44.55189895629883,-69.6322021484375
889,Bemidji,MN,0.0,1282.0,47.47359848022461,-94.88030242919922
890,Siskiyou County,CA,0.0,1254.0,41.77429962158203,-122.5770034790039
891,CA,USA,0.0,1247.0,37.25510025024414,-119.61799621582036
892,Brandon,MB,0.0,1246.0,49.84000015258789,-99.94000244140624
893,Bandung,Indonesia,0.0,1230.0,-6.9099998474121085,107.61000061035156
894,Dhaka,Bangladesh,0.0,1218.0,23.81030082702637,90.4124984741211
895,Elk Grove,CA,0.0,1209.0,38.40890121459961,-121.37100219726562
896,Kenosha,WI,0.0,1190.0,42.58470153808594,-87.82109832763672
897,Kirksville,MO,0.0,1184.0,40.194801330566406,-92.5832977294922
898,Pasco,WA,0.0,1169.0,46.23970031738281,-119.0989990234375
899,Incheon,South Korea,0.0,1137.0,37.456298828125,126.70500183105464
900,Suwon-si,South Korea,0.0,1119.0,37.26359939575195,127.02899932861328
901,Dartmouth,NS,0.0,1118.0,44.66669845581055,-63.56669998168945
902,Scottsbluff,NE,0.0,1093.0,41.866600036621094,-103.66699981689452
903,Salvador,Brazil,0.0,1072.0,-12.970399856567385,-38.51240158081055
904,Bedford,UK,0.0,1056.0,52.13800048828125,-0.4639999866485595
905,Islamabad,Pakistan,0.0,1036.0,31.45219993591309,74.29329681396484
906,Natchez,MS,0.0,1035.0,31.560400009155284,-91.4031982421875
907,Butte,MT,0.0,1028.0,46.00389862060547,-112.53399658203124
908,Kalispell,MT,0.0,1010.0,48.19580078125,-114.31199645996094
909,Port Angeles,WA,0.0,1006.0,48.11830139160156,-123.4290008544922
910,Christiansburg,VA,0.0,991.0,37.12969970703125,-80.4092025756836
911,Dover,UK,0.0,991.0,51.12789916992188,1.3134000301361084
912,Stratford,UK,0.0,985.0,51.54330062866211,-0.001870000036433327
913,West Bank,Israel,0.0,975.0,31.959999084472656,35.29999923706055
914,Noida,UP,0.0,964.0,28.53339958190918,77.3821029663086
915,Mexico City,Mexico,0.0,925.0,19.432600021362305,-99.1332015991211
916,Clovis,NM,0.0,908.0,34.25960159301758,-103.23899841308594
917,Nottingham,UK,0.0,889.0,52.95479965209961,-1.1581100225448608
918,San Angelo,TX,0.0,861.0,31.46360015869141,-100.43699645996094
919,Secaucus,NJ,0.0,833.0,40.789398193359375,-74.05690002441406
920,Santo Domingo,Dominican Republic,0.0,825.0,18.735700607299805,-70.16269683837889
921,Waltham,MA,0.0,821.0,42.37639999389648,-71.23609924316406
922,Coral Gables,FL,0.0,809.0,25.721099853515625,-80.26860046386719
923,Managua,Nicaragua,0.0,803.0,12.13640022277832,-86.25140380859375
924,Owen Sound,ON,0.0,802.0,44.56900024414063,-80.94059753417969
925,Hangzhou,China,0.0,793.0,30.274099349975586,120.15499877929688
926,Sherbrooke,QC,0.0,788.0,45.4010009765625,-71.88240051269531
927,Chino,CA,0.0,751.0,34.01219940185547,-117.68900299072266
928,SD,USA,0.0,744.0,43.96950149536133,-99.90180206298828
929,Canary Wharf,UK,0.0,741.0,51.50540161132813,-0.023533299565315243
930,Yuba City,CA,0.0,740.0,39.14059829711914,-121.61599731445312
931,Petaling Jaya,Malaysia,0.0,709.0,3.083329916000366,101.6500015258789
932,Puebla,Mexico,0.0,702.0,19.04129981994629,-98.2061996459961
933,Mason City,IA 50401,0.0,693.0,43.15359878540039,-93.20099639892578
934,Rapid City,SD,0.0,684.0,44.08050155639648,-103.2310028076172
935,Williston,ND,0.0,681.0,48.13330078125,-103.63300323486328
936,Kota Bharu,Malaysia,0.0,677.0,6.133279800415039,102.23899841308594
937,Juneau,AK,0.0,657.0,64.20079803466797,-149.49400329589844
938,Chengdu,China,0.0,646.0,30.57229995727539,104.06700134277344
939,St John,NB,0.0,632.0,46.56529998779297,-66.46189880371094
940,Dickinson,ND,0.0,626.0,46.87919998168945,-102.78900146484376
941,Kennewick,WA,0.0,593.0,46.21139907836914,-119.13600158691406
942,Newham,UK,0.0,582.0,51.5255012512207,0.03519999980926513
943,Leduc,AB,0.0,571.0,53.2667007446289,-113.53299713134766
944,Thornton,CO,0.0,554.0,39.86809921264648,-104.97100067138672
945,Thousand Oaks,CA,0.0,538.0,34.17060089111328,-118.83799743652344
946,Chilliwack,BC,0.0,533.0,49.16669845581055,-121.9499969482422
947,Eden,NC,0.0,524.0,36.48830032348633,-79.76689910888672
948,Nanjing,China,0.0,514.0,32.06029891967773,118.7969970703125
949,Southampton,UK,0.0,514.0,50.90969848632813,-1.4043500423431396
950,Tuscarawas,OH,0.0,485.0,40.39789962768555,-81.42790222167969
951,Norwich,UK,0.0,475.0,52.63090133666992,1.2973599433898926
952,Leicester,UK,0.0,472.0,52.63690185546875,-1.1397600173950195
953,Coral Springs,FL,0.0,459.0,26.27079963684082,-80.27079772949219
954,Surabaya,Indonesia,0.0,451.0,-7.26423978805542,112.74600219726562
955,Dalian,China,0.0,444.0,38.91400146484375,121.61499786376952
956,Medellin,Colombia,0.0,442.0,6.2359299659729,-75.57510375976562
957,ON,Canada,0.0,434.0,51.25379943847656,-85.32319641113281
958,Monterrey,Mexico,0.0,434.0,25.673200607299805,-100.30899810791016
959,Woodville,MS,0.0,434.0,31.104400634765625,-91.29940032958984
960,Puerto Vallarta,Mexico,0.0,429.0,20.653400421142575,-105.2249984741211
961,Saguenay,QC,0.0,428.0,48.4281005859375,-71.06849670410156
962,Osaka,Japan,0.0,426.0,34.69369888305664,135.50199890136722
963,San Juan,PR,0.0,425.0,18.468299865722656,-66.10610198974611
964,Mountain View,CA,0.0,424.0,37.38610076904297,-122.08399963378906
965,Prince Albert,SK,0.0,410.0,53.20009994506836,-105.76799774169922
966,Shenyang,China,0.0,410.0,41.80569839477539,123.43099975585938
967,Rio de Janeiro,Brazil,0.0,406.0,-22.903499603271484,-43.20959854125977
968,Lawrenceville,GA,0.0,406.0,33.956100463867195,-83.98809814453125
969,Xian,China,0.0,397.0,34.341598510742195,108.94000244140624
970,Ankara,Turkey,0.0,385.0,39.93339920043945,32.85969924926758
971,Greenwood,SC,0.0,383.0,34.195301055908196,-82.16190338134766
972,Tower Hamlets,UK,0.0,381.0,51.520301818847656,-0.029300000518560406
973,Concepcion,Chile,0.0,373.0,-36.81890106201172,-73.05030059814453
974,Rancho Cucamonga,CA,0.0,373.0,34.106399536132805,-117.59300231933594
975,Wuhan,China,0.0,368.0,30.59309959411621,114.30500030517578
976,Reykjavik,Iceland,0.0,364.0,64.13330078125,-21.933300018310547
977,Ealing,UK,0.0,363.0,51.51330184936523,-0.3043000102043152
978,Graham,WA,0.0,359.0,47.0531005859375,-122.29299926757812
979,Yellowknife,NT,0.0,350.0,64.82550048828125,-124.84600067138672
980,Newburgh,NY,0.0,349.0,41.50329971313477,-74.01080322265625
981,Chongqing,China,0.0,345.0,29.5629997253418,106.552001953125
982,Herndon,VA,0.0,331.0,38.969398498535156,-77.38639831542969
983,Airdrie,AB,0.0,330.0,51.2667007446289,-114.01699829101562
984,Lloydminster,AB,0.0,327.0,53.27000045776367,-110.02999877929688
985,Palo Alto,CA,0.0,318.0,37.44300079345703,-122.14399719238277
986,Sao Paulo,Brazil,0.0,316.0,-23.54890060424805,-46.63880157470703
987,Lambeth,UK,0.0,310.0,51.45709991455078,-0.12309999763965605
988,Williamsburg,VA,0.0,306.0,37.270599365234375,-76.70780181884766
989,La Paz,Bolivia,0.0,306.0,-16.499000549316403,-68.14620208740234
990,Braintree,MA,0.0,299.0,42.22219848632813,-71.0
991,Coquitlam,BC,0.0,295.0,49.2667007446289,-122.78299713134766
992,Arequipa,Peru,0.0,292.0,-16.40999984741211,-71.54000091552734
993,Whitehorse,YT,0.0,290.0,64.28230285644531,-135.0
994,Shelby,NC,0.0,289.0,35.292198181152344,-81.53579711914062
995,Hackney,UK,0.0,287.0,51.55179977416992,-0.06459999829530715
996,Oxnard,CA,0.0,273.0,34.197498321533196,-119.177001953125
997,Queretaro,Mexico,0.0,271.0,20.59000015258789,-100.38999938964844
998,Penticton,BC,0.0,271.0,49.5,-119.58300018310548
999,Toulouse,France,0.0,269.0,43.604698181152344,1.4442100524902344
1000,Merseyside,UK,0.0,269.0,53.39759826660156,-2.943660020828247
1001,Victoria,Honduras,0.0,263.0,15.48330020904541,-87.81670379638672
1002,Antofagasta,Chile,0.0,262.0,-23.65089988708496,-70.39749908447266
1003,Lewisham,UK,0.0,261.0,51.44150161743164,-0.011699999682605235
1004,Puerto Plata,Dominican Republic,0.0,260.0,19.799999237060547,-70.68329620361328
1005,Santa Clarita,CA,0.0,255.0,34.391700744628906,-118.54299926757812
1006,Spruce Grove,AB,0.0,250.0,53.53329849243164,-113.91699981689452
1007,Guanajuato,Mexico,0.0,249.0,21.01810073852539,-101.25800323486328
1008,Kyoto,Japan,0.0,245.0,35.009998321533196,135.75999450683594
1009,Antalya,Turkey,0.0,242.0,36.89690017700195,30.71330070495605
1010,Hanover,Germany,0.0,241.0,52.37590026855469,9.732009887695312
1011,Jerusalem,Israel,0.0,238.0,31.768299102783203,35.21369934082031
1012,Okinawa,Japan,0.0,224.0,26.21240043640137,127.68099975585938
1013,Nagoya,Japan,0.0,222.0,35.181400299072266,136.906005859375
1014,Sault Ste. Marie,ON,0.0,221.0,46.52190017700195,-84.34609985351562
1015,Buenos Aires,Argentina,0.0,211.0,-34.60369873046875,-58.38159942626953
1016,Pampanga,Philippines,0.0,210.0,15.079400062561035,120.62000274658205
1017,Kanata,ON,0.0,210.0,45.308799743652344,-75.89869689941406
1018,Western Cape,South Africa,0.0,209.0,-33.227798461914055,21.85689926147461
1019,Sosúa,Dominican Republic,0.0,209.0,19.75,-70.5167007446289
1020,New London,CT,0.0,209.0,41.349998474121094,-72.08999633789062
1021,Oxfordshire,UK,0.0,208.0,51.76119995117188,-1.2464699745178225
1022,Naples,Italy,0.0,204.0,40.85179901123047,14.268099784851074
1023,Marysville,WA,0.0,204.0,48.05189895629883,-122.1760025024414
1024,Ibiza,Spain,0.0,201.0,40.46369934082031,-3.74921989440918
1025,Trois Rivieres,QC,0.0,199.0,46.34320068359375,-72.54329681396484
1026,Dunn,NC,0.0,196.0,35.30609893798828,-78.60919952392578
1027,Acapulco,Mexico,0.0,196.0,16.863800048828125,-99.88159942626952
1028,Framingham,MA,0.0,188.0,42.27920150756836,-71.41670227050781
1029,Winchester,VA,0.0,187.0,39.18560028076172,-78.1635971069336
1030,Boca Raton,FL,0.0,187.0,26.368000030517567,-80.11699676513672
1031,Winchester,UK,0.0,186.0,51.05979919433594,-1.3101400136947632
1032,Haifa,Israel,0.0,184.0,32.830398559570305,34.974300384521484
1033,La Serena,Chile,0.0,184.0,-29.908000946044922,-71.26399993896484
1034,Warner Robins,GA,0.0,181.0,32.620800018310554,-83.5999984741211
1035,Grenoble,France,0.0,177.0,45.1884994506836,5.724520206451416
1036,Iquique,Chile,0.0,176.0,-20.23500061035156,-70.13600158691406
1037,Busan,South Korea,0.0,174.0,35.17959976196289,129.07600402832028
1038,Hounslow,UK,0.0,172.0,51.4827995300293,-0.3882000148296356
1039,Curitiba,Brazil,0.0,171.0,-25.42840003967285,-49.27330017089844
1040,Caracas,Venezuela,0.0,168.0,10.491000175476074,-66.902099609375
1041,Braslia,Brazil,0.0,166.0,-15.780099868774414,-47.92919921875
1042,Cali,Colombia,0.0,164.0,3.4372200965881348,-76.52249908447266
1043,Harrow,UK,0.0,163.0,51.58060073852539,-0.3419950008392334
1044,Dundee,Scotland,0.0,162.0,56.46200180053711,-2.970720052719116
1045,Santiago,Dominican Republic,0.0,159.0,19.450000762939453,-70.69999694824219
1046,Davao City,Philippines,0.0,159.0,7.1907100677490225,125.45500183105464
1047,Nunavut,Canada,0.0,159.0,69.42980194091797,-88.64109802246094
1048,Boca Chica,Dominican Republic,0.0,158.0,18.450000762939453,-69.59999847412111
1049,Chihuahua,Mexico,0.0,156.0,28.63529968261719,-106.08899688720707
1050,Simi Valley,CA,0.0,151.0,34.26940155029297,-118.78199768066406
1051,Northglenn,CO,0.0,148.0,39.88560104370117,-104.98699951171876
1052,PEI,Canada,0.0,148.0,46.619300842285156,-63.13520050048828
1053,Estevan,SK,0.0,147.0,49.1500015258789,-103.0
1054,Nashua,NH,0.0,146.0,42.76539993286133,-71.46759796142578
1055,Yorkton,SK,0.0,146.0,51.21670150756836,-102.46700286865234
1056,Piura,Peru,0.0,141.0,-5.178289890289307,-80.65489959716797
1057,Fort Saskatchewan,AB,0.0,141.0,53.71670150756836,-113.1999969482422
1058,Swindon,UK,0.0,138.0,51.55580139160156,-1.7797199487686155
1059,Bahia,Brazil,0.0,137.0,-11.409899711608887,-41.28089904785156
1060,County Durham,UK,0.0,137.0,54.71379852294922,-1.7810000181198118
1061,Fukuoka,Japan,0.0,132.0,33.59040069580078,130.40199279785156
1062,Vera cruz,Mexico,0.0,128.0,19.173799514770508,-96.13420104980469
1063,Hermosillo,Mexico,0.0,127.0,29.09160041809082,-110.9459991455078
1064,Daegu,South Korea,0.0,127.0,35.87139892578125,128.60099792480472
1065,Hampstead,UK,0.0,126.0,51.55569839477539,-0.17620299756526944
1066,Tallinn,Estonia,0.0,122.0,59.4370002746582,24.75359916687012
1067,Okotoks,AB,0.0,119.0,50.71670150756836,-113.96700286865234
1068,Freeport,Bahamas,0.0,117.0,26.533300399780284,-78.69999694824219
1069,Porto Alegre,Brazil,0.0,116.0,-30.027700424194336,-51.22869873046875
1070,Rajahmundry,AP,0.0,116.0,16.996099472045902,81.80159759521484
1071,Algarve,Portugal,0.0,116.0,37.01940155029297,-7.9304399490356445
1072,Waltham Forest,UK,0.0,114.0,51.588600158691406,-0.011800000444054602
1073,Belo Horizonte,Brazil,0.0,114.0,-19.919099807739254,-43.9385986328125
1074,DE,USA,0.0,110.0,38.91080093383789,-75.52770233154297
1075,San Lorenzo,PR,0.0,110.0,18.1914005279541,-65.96140289306639
1076,Nairobi,Kenya,0.0,108.0,-1.283329963684082,36.81669998168945
1077,Montevideo,Uruguay,0.0,108.0,-34.88359832763672,-56.18190002441406
1078,North Richland Hills,TX,0.0,108.0,32.83420181274414,-97.22859954833984
1079,Manta,Ecuador,0.0,108.0,-0.9499999880790709,-80.7332992553711
1080,Bucaramanga,SAN,0.0,103.0,7.1170997619628915,-73.12930297851562
1081,Oaxaca,Mexico,0.0,102.0,17.05940055847168,-96.72160339355469
1082,Hillingdon,UK,0.0,101.0,51.53519821166992,-0.4481000006198883
1083,Schwerin,Germany,0.0,101.0,53.63550186157226,11.401200294494627
1084,Tigard,OR,0.0,99.0,45.43140029907226,-122.7699966430664
1085,Fairmont,WV,0.0,99.0,39.48500061035156,-80.1427993774414
1086,Hot Springs,AR,0.0,97.0,34.50360107421875,-93.05500030517578
1087,Trujillo,Peru,0.0,96.0,-8.109999656677246,-79.02999877929688
1088,Mendoza,Argentina,0.0,94.0,-34.61320114135742,-68.34100341796875
1089,MD,USA,0.0,93.0,39.045799255371094,-76.64129638671875
1090,UT,USA,0.0,91.0,39.32099914550781,-111.09400177001952
1091,Sapporo,Japan,0.0,89.0,43.06209945678711,141.35400390625
1092,Goteborg,Sweden,0.0,88.0,57.708900451660156,11.974599838256836
1093,Big Spring,TX,0.0,86.0,32.250301361083984,-101.47799682617188
1094,Rishon LeZion,M,0.0,85.0,31.97690010070801,34.79439926147461
1095,Udaipur,India,0.0,84.0,24.57999992370605,73.70999908447266
1096,Fortaleza,Brazil,0.0,83.0,-3.7183899879455566,-38.543399810791016
1097,Faro Algarve,Portugal,0.0,83.0,37.02000045776367,-7.929999828338622
1098,Florida,Uruguay,0.0,81.0,-34.09560012817383,-56.21419906616211
1099,FL,USA,0.0,81.0,27.75,-81.5999984741211
1100,Pompano Beach,FL,0.0,80.0,26.23749923706055,-80.125
1101,Northern Virginia,VA,0.0,80.0,38.83599853515625,-77.30000305175781
1102,Salem,NC,0.0,79.0,35.689998626708984,-81.69000244140625
1103,Harrison,AR,0.0,78.0,36.229698181152344,-93.10749816894531
1104,Fajardo,PR,0.0,78.0,18.327800750732425,-65.65280151367189
1105,Hiroshima,Japan,0.0,77.0,34.38520050048828,132.45500183105472
1106,Littleton,CO,0.0,73.0,39.61330032348633,-105.01599884033205
1107,Recife,Brazil,0.0,71.0,-8.054280281066895,-34.881301879882805
1108,Barking and Dagenham,UK,0.0,70.0,51.53889846801758,0.14740000665187833
1109,Dartford,UK,0.0,67.0,51.44620132446289,0.2169000059366226
1110,Clarksburg,WV,0.0,64.0,39.28060150146485,-80.3447036743164
1111,Brno,Czech Republic,0.0,64.0,49.20000076293945,16.63330078125
1112,Sendai,Japan,0.0,63.0,38.2681999206543,140.86900329589844
1113,Caguas,PR,0.0,61.0,18.236099243164066,-66.04889678955078
1114,Cesena,Italy,0.0,61.0,44.13959884643555,12.246399879455565
1115,Montt,Chile,0.0,57.0,-32.316699981689446,-71.06670379638672
1116,Kankakee,IL,0.0,57.0,41.11999893188477,-87.86109924316406
1117,Haringey,UK,0.0,56.0,51.590599060058594,-0.11100000143051146
1118,Tasmania,Australia,0.0,56.0,-41.3650016784668,146.6280059814453
1119,Denham Springs,LA,0.0,56.0,30.4867000579834,-90.9561004638672
1120,Blacksburg,VA,0.0,55.0,37.13719940185547,-80.67829895019531
1121,ME,USA,0.0,54.0,45.25379943847656,-69.44550323486328
1122,IN,USA,0.0,53.0,40.2672004699707,-86.13490295410156
1123,Phuket,Thailand,0.0,50.0,7.880449771881103,98.39230346679688
1124,Nelson,New Zealand,0.0,50.0,-41.28329849243164,173.2830047607422
1125,Ipoh,Malaysia,0.0,49.0,4.584099769592285,101.08300018310548
1126,IA,USA,0.0,49.0,41.87799835205078,-93.0977020263672
1127,OH,USA,0.0,47.0,40.41730117797852,-82.90709686279297
1128,WY,USA,0.0,46.0,43.07600021362305,-107.29000091552734
1129,HI,USA,0.0,46.0,19.89679908752441,-155.58299255371094
1130,Liège,Belgium,0.0,46.0,50.63330078125,5.566669940948486
1131,Shawnee,KS,0.0,45.0,39.04169845581055,-94.72000122070312
1132,Springs,South Africa,0.0,44.0,-26.25,28.399999618530284
1133,Hamilton,New Zealand,0.0,43.0,-37.78329849243164,175.2830047607422
1134,North Battleford,SK,0.0,43.0,52.7667007446289,-108.28299713134766
1135,Heredia,Costa Rica,0.0,42.0,10.002400398254396,-84.11650085449219
1136,Cucuta,Colombia,0.0,41.0,7.894169807434082,-72.50389862060547
1137,Arizona,Honduras,0.0,41.0,15.633299827575685,-87.31670379638672
1138,AZ,USA,0.0,41.0,34.048900604248054,-111.09400177001949
1139,Chiclayo,Peru,0.0,40.0,-6.7736101150512695,-79.8416976928711
1140,Warwick,RI,0.0,39.0,41.70370101928711,-71.52149963378906
1141,Robertson,WY,0.0,39.0,41.18519973754883,-110.41300201416016
1142,Elyria,OH,0.0,39.0,41.36830139160156,-82.10780334472656
1143,Chiang Mai,Thailand,0.0,37.0,18.706100463867188,98.98169708251952
1144,Clemson,SC,0.0,37.0,34.683399200439446,-82.83740234375
1145,Alajuela,Costa Rica,0.0,36.0,10.016200065612793,-84.21160125732422
1146,Highlands Ranch,CO,0.0,36.0,39.55390167236328,-104.96900177001952
1147,Medan,Indonesia,0.0,35.0,3.583329916000366,98.6667022705078
1148,Mazatlan,Mexico,0.0,35.0,23.236099243164066,-106.41500091552734
1149,Limassol,Cyprus,0.0,34.0,34.674999237060554,33.03329849243164
1150,Invercargill,New Zealand,0.0,34.0,-46.4000015258789,168.35000610351562
1151,Northland,New Zealand,0.0,34.0,-41.28329849243164,174.75
1152,Mayaguez,PR,0.0,34.0,18.203100204467773,-67.13999938964844
1153,Asuncion,Paraguay,0.0,34.0,-25.28219985961914,-57.63510131835938
1154,Chillan,Chile,0.0,34.0,-36.599998474121094,-72.11669921875
1155,Guaynabo,PR,0.0,33.0,18.359399795532227,-66.11139678955078
1156,Erlanger,KY,0.0,33.0,39.016700744628906,-84.60079956054688
1157,Ciudad Juarez,Mexico,0.0,33.0,31.738800048828125,-106.48300170898438
1158,Bayamon,PR,0.0,32.0,18.17970085144043,-66.11360168457031
1159,Gastonia,NC,0.0,32.0,35.26210021972656,-81.18730163574219
1160,Tirana,Albania,0.0,31.0,41.32749938964844,19.81889915466309
1161,AL,USA,0.0,30.0,32.318199157714844,-86.90229797363281
1162,San José,Costa Rica,0.0,30.0,9.933329582214355,-84.08329772949219
1163,Pocatello,ID,0.0,30.0,42.87139892578125,-112.44499969482422
1164,Västerås,Sweden,0.0,30.0,59.61669921875,16.549999237060547
1165,Gauteng,South Africa,0.0,28.0,-26.27079963684082,28.11230087280273
1166,Albufeira,Portugal,0.0,28.0,37.0890998840332,-8.247879981994629
1167,Nancy,France,0.0,27.0,48.692100524902344,6.187759876251222
1168,Monte-Carlo,Monaco,0.0,27.0,43.733299255371094,7.416669845581055
1169,Casablanca,Morocco,0.0,27.0,31.79170036315918,-7.092619895935059
1170,PA,USA,0.0,27.0,41.20330047607422,-77.19450378417969
1171,Western Kentucky,KY,0.0,27.0,36.98759841918945,-86.45099639892578
1172,La Plata,BA,0.0,26.0,-34.92050170898437,-57.95389938354492
1173,Arecibo,PR,0.0,26.0,18.47439956665039,-66.71610260009766
1174,Yokohama,Japan,0.0,25.0,35.44369888305664,139.63800048828122
1175,Ponce,PR,0.0,24.0,18.013099670410156,-66.61440277099611
1176,Namur,Belgium,0.0,24.0,50.46670150756836,4.86667013168335
1177,Curridabat,Costa Rica,0.0,23.0,9.911789894104004,-84.03410339355469
1178,Sintra,Portugal,0.0,22.0,38.80289840698242,-9.38166046142578
1179,Marbella,Spain,0.0,22.0,36.510501861572266,-4.885749816894531
1180,Temuco,Chile,0.0,21.0,-38.733299255371094,-72.5999984741211
1181,Alba,Italy,0.0,21.0,44.70000076293945,8.033329963684082
1182,ID,USA,0.0,20.0,44.06819915771485,-114.74199676513672
1183,Cartago,Costa Rica,0.0,19.0,9.853280067443848,-83.90229797363281
1184,Hermiston,OR,0.0,19.0,45.840599060058594,-119.28800201416016
1185,Georgetown,Guyana,0.0,19.0,6.800000190734862,-58.16669845581055
1186,MN,USA,0.0,19.0,46.72959899902344,-94.68589782714844
1187,Innsbruck,Austria,0.0,18.0,47.2667007446289,11.399999618530273
1188,Kobe,Japan,0.0,18.0,34.691299438476555,135.18299865722656
1189,Culebra,PR,0.0,17.0,18.30500030517578,-65.30139923095703
1190,Durham,ON,0.0,17.0,43.900001525878906,-78.9000015258789
1191,LA,USA,0.0,17.0,31.244800567626964,-92.1449966430664
1192,Aveiro,Portugal,0.0,17.0,40.6442985534668,-8.645540237426758
1193,Aachen,Germany,0.0,16.0,50.77529907226562,6.083889961242676
1194,Saint Tropez,France,0.0,16.0,43.27000045776367,6.636000156402588
1195,Kuching,Malaysia,0.0,16.0,1.5499999523162842,110.33300018310548
1196,OK,USA,0.0,16.0,35.46760177612305,-97.5164031982422
1197,Anasco,PR,0.0,15.0,18.28470039367676,-67.13999938964844
1198,MT,USA,0.0,15.0,46.87969970703125,-110.36299896240234
1199,Aguadilla,PR,0.0,15.0,18.429399490356445,-67.15440368652344
1200,Lima,OH,0.0,15.0,40.75429916381836,-84.08319854736328
1201,Redbridge,UK,0.0,15.0,51.588600158691406,0.08240000158548352
1202,WI,USA,0.0,14.0,43.784400939941406,-88.78790283203125
1203,Cartagena,Colombia,0.0,14.0,10.399700164794922,-75.51439666748047
1204,AB,Canada,0.0,14.0,53.93330001831055,-116.57599639892578
1205,AK,USA,0.0,13.0,64.20079803466797,-149.49400329589844
1206,Salzburg,Austria,0.0,13.0,47.79999923706055,13.033300399780273
1207,Izmir,Turkey,0.0,13.0,38.418800354003906,27.128700256347656
1208,Yucatan,Mexico,0.0,13.0,20.70989990234375,-89.09429931640625
1209,MA,USA,0.0,12.0,42.40719985961914,-71.38240051269531
1210,Rosario,Argentina,0.0,12.0,-32.946800231933594,-60.63930130004883
1211,Faisalabad,Pakistan,0.0,12.0,31.41670036315918,73.08329772949219
1212,Pierre,SD,0.0,12.0,44.36830139160156,-100.35099792480469
1213,Cusco,Peru,0.0,12.0,-13.51830005645752,-71.97810363769531
1214,Wandsworth,UK,0.0,12.0,51.45709991455078,-0.1817999929189682
1215,Rio Grande,PR,0.0,12.0,18.382200241088867,-65.83170318603516
1216,Plovdiv,Bulgaria,0.0,11.0,42.135398864746094,24.74530029296875
1217,Toluca,Mexico,0.0,11.0,19.288299560546875,-99.66719818115234
1218,Tripoli,Lebanon,0.0,11.0,33.854698181152344,35.86230087280273
1219,David,Panama,0.0,11.0,8.433329582214355,-82.43329620361328
1220,Walla Walla,WA,0.0,11.0,46.070701599121094,-118.34300231933594
1221,Leiria,Portugal,0.0,11.0,39.74769973754883,-8.8049898147583
1222,Santa Marta,Colombia,0.0,11.0,11.240799903869627,-74.1989974975586
1223,Trinidad,Bolivia,0.0,10.0,-14.83329963684082,-64.90000152587889
1224,Hatillo,PR,0.0,10.0,18.488300323486328,-66.82579803466797
1225,Harare,Zimbabwe,0.0,10.0,-17.817800521850586,31.044700622558604
1226,Trinidad,Belize,0.0,10.0,18.016700744628906,-88.68329620361328
1227,TN,USA,0.0,10.0,35.51750183105469,-86.58039855957031
1228,El Alto,L,0.0,10.0,-16.510200500488278,-68.15910339355469
1229,Trinidad,Honduras,0.0,10.0,15.133299827575685,-88.2332992553711
1230,Leticia,Colombia,0.0,9.0,-4.215280055999757,-69.94059753417969
1231,KS,USA,0.0,9.0,39.01190185546875,-98.48419952392578
1232,North Mississippi,MS,0.0,9.0,32.354698181152344,-89.39849853515625
1233,Bloemfontein,South Africa,0.0,9.0,-29.0851993560791,26.15959930419922
1234,San German,PR,0.0,9.0,18.083599090576172,-67.04530334472656
1235,NV,USA,0.0,9.0,38.8026008605957,-116.41899871826172
1236,Silsbee,TX,0.0,9.0,30.348899841308604,-94.17780303955078
1237,Accra,Ghana,0.0,9.0,7.946529865264893,-1.0231900215148926
1238,AR,USA,0.0,8.0,35.20100021362305,-91.83180236816406
1239,OR,USA,0.0,8.0,43.804100036621094,-120.5540008544922
1240,Olomouc,Czech Republic,0.0,8.0,49.59400177001953,17.25119972229004
1241,Playa del Carmen,Mexico,0.0,8.0,20.61669921875,-87.06670379638672
1242,Woburn,UK,0.0,8.0,51.983299255371094,-0.6166669726371765
1243,Funchal,Portugal,0.0,8.0,32.63330078125,-16.899999618530273
1244,Punta del Este,Uruguay,0.0,8.0,-34.96670150756836,-54.95000076293945
1245,Guápiles,Costa Rica,0.0,7.0,10.215900421142578,-83.7865982055664
1246,Aalborg,Denmark,0.0,7.0,57.04880142211914,9.92175006866455
1247,Luquillo,PR,0.0,7.0,18.374399185180664,-65.71690368652344
1248,WA,USA,0.0,7.0,47.4015998840332,-120.45099639892578
1249,NE,USA,0.0,7.0,41.49250030517578,-99.90180206298828
1250,Viseu,Portugal,0.0,7.0,40.6609992980957,-7.909709930419923
1251,Sebastopol,CA,0.0,7.0,38.400001525878906,-122.81999969482422
1252,California City,CA,0.0,6.0,35.12580108642578,-117.98500061035156
1253,Batam,Indonesia,0.0,6.0,1.2000000476837158,104.0
1254,Dade City,FL,0.0,6.0,28.36440086364746,-82.19609832763672
1255, St Joseph,MO,0.0,6.0,39.75790023803711,-94.83650207519531
1256,Lafayette,IN,0.0,6.0,40.41669845581055,-86.87529754638672
1257,Las Piedras,PR,0.0,6.0,18.184999465942386,-65.86669921875
1258,Rosario,Uruguay,0.0,6.0,-34.316699981689446,-57.349998474121094
1259,QC,Canada,0.0,5.0,52.93989944458008,-73.54910278320312
1260,Valencia,Venezuela,0.0,5.0,10.1806001663208,-68.00389862060547
1261,Madeirã,Portugal,0.0,5.0,39.9453010559082,-8.042160034179688
1262,Valle,Honduras,0.0,5.0,13.55840015411377,-87.59130096435547
1263,Aurora,CO,0.0,5.0,39.72000122070313,-104.8499984741211
1264,Paramaribo,Suriname,0.0,5.0,5.833330154418945,-55.16669845581055
1265,Cayey,PR,0.0,5.0,18.11389923095703,-66.16639709472656
1266,Siquirres,Costa Rica,0.0,5.0,10.09749984741211,-83.50659942626953
1267,Nashik,MH,0.0,5.0,19.9950008392334,73.79650115966797
1268,Trujillo Alto,PR,0.0,5.0,18.3567008972168,-66.00779724121094
1269,Kota Kinabalu,Malaysia,0.0,5.0,5.974899768829347,116.0719985961914
1270,Salta,Argentina,0.0,5.0,-24.7859001159668,-65.41169738769531
1271,San Salvador,El Salvador,0.0,5.0,13.708600044250488,-89.2031021118164
1272,Belém,Brazil,0.0,4.0,-1.4500000476837158,-48.483299255371094
1273,Ciales,PR,0.0,4.0,18.33810043334961,-66.46920013427734
1274,Osasco,Brazil,0.0,4.0,-23.56669998168945,-46.78329849243164
1275,Cayenne,French Guiana,0.0,4.0,4.933330059051514,-52.33330154418945
1276,Gzira,Malta,0.0,4.0,35.905799865722656,14.488100051879885
1277,Bonanza,Nicaragua,0.0,4.0,14.01669979095459,-84.58329772949219
1278,Barranquilla,Colombia,0.0,4.0,10.963899612426758,-74.79640197753906
1279,Mérida,Venezuela,0.0,4.0,8.598329544067383,-71.1449966430664
1280,Makassar,Indonesia,0.0,4.0,2.450000047683716,99.7833023071289
1281,Jeffersontown,KY,0.0,4.0,38.19419860839844,-85.56439971923828
1282,Santa Cruz,Bolivia,0.0,4.0,-12.283300399780273,-66.25
1283,Rancagua,Chile,0.0,4.0,-34.17079925537109,-70.74440002441406
1284,Ashford,UK,0.0,4.0,51.13330078125,0.8833330273628235
1285,Skopje,Macedonia,0.0,4.0,42.0,21.433300018310547
1286,Turrialba,Costa Rica,0.0,4.0,9.904669761657717,-83.68350219726562
1287,Ostrava,Czech Republic,0.0,3.0,49.8119010925293,18.255300521850586
1288,SK,Canada,0.0,3.0,52.93989944458008,-106.45099639892578
1289,Belén,Honduras,0.0,3.0,14.800000190734865,-88.7667007446289
1290,Ambato,Ecuador,0.0,3.0,-1.253999948501587,-78.62300109863281
1291,Cordoba,Argentina,0.0,3.0,-31.41349983215332,-64.18109893798828
1292,Ramallah,Egypt,0.0,3.0,30.729400634765625,31.11590003967285
1293,Ballarat,Australia,0.0,3.0,-37.56269836425781,143.86300659179688
1294,Campinas,Brazil,0.0,3.0,-22.899999618530284,-47.08330154418945
1295,Potosí,Bolivia,0.0,3.0,-19.583599090576172,-65.75309753417969
1296,Central Michigan,MI,0.0,3.0,42.61989974975586,-83.91639709472656
1297,Nice,France,0.0,3.0,43.69599914550781,7.265590190887451
1298,Liberia,Costa Rica,0.0,3.0,10.635000228881836,-85.43769836425781
1299,Ibagué,Colombia,0.0,3.0,4.438889980316162,-75.2322006225586
1300,Tegucigalpa,Honduras,0.0,3.0,14.100000381469727,-87.2166976928711
1301,Manaus,Brazil,0.0,3.0,-3.1133298873901367,-60.02529907226562
1302,Manzanillo,Mexico,0.0,3.0,19.049999237060547,-104.33300018310548
1303,Mar de Plata,Argentina,0.0,3.0,-38.00230026245117,-57.55749893188477
1304,Graz,Austria,0.0,3.0,47.06669998168945,15.449999809265135
1305,Tucuman,Argentina,0.0,3.0,-26.82410049438477,-65.22260284423828
1306,Maracaibo,Venezuela,0.0,3.0,10.631699562072754,-71.6406021118164
1307,Darmstadt,Germany,0.0,2.0,49.87279891967773,8.651189804077147
1308,Linz,Austria,0.0,2.0,48.29999923706055,14.300000190734865
1309,Limón,Costa Rica,0.0,2.0,9.992859840393066,-83.03050231933594
1310,Portoviejo,Ecuador,0.0,2.0,-1.0499999523162842,-80.44999694824219
1311,Cagua,Venezuela,0.0,2.0,10.183300018310547,-67.44999694824219
1312,Delgado,El Salvador,0.0,2.0,13.724200248718262,-89.17030334472656
1313,Ébano,Mexico,0.0,2.0,22.216699600219727,-98.4000015258789
1314,Alvarado,Mexico,0.0,2.0,18.766700744628906,-95.7667007446289
1315,Nanticoke,PA,0.0,2.0,41.205299377441406,-76.00530242919922
1316,Kochi,India,0.0,2.0,9.966670036315918,76.2332992553711
1317,Keene,NH,0.0,2.0,42.93370056152344,-72.2780990600586
1318,Bath,UK,0.0,2.0,51.38000106811523,-2.359999895095825
1319,Puntarenas,Costa Rica,0.0,2.0,9.976149559020996,-84.83879852294922
1320,Ifs,France,0.0,2.0,49.139198303222656,-0.353083997964859
1321,Quesada,Costa Rica,0.0,2.0,10.323800086975098,-84.4271011352539
1322,Avon,France,0.0,2.0,48.402198791503906,2.7202200889587402
1323,Pilar,Paraguay,0.0,2.0,-26.86669921875,-58.38330078125
1324,Almería,Spain,0.0,2.0,36.83330154418945,-2.450000047683716
1325,Toa Alta,PR,0.0,2.0,18.390300750732425,-66.24859619140625
1326,Neiva,Colombia,0.0,2.0,2.927299976348877,-75.28189849853516
1327,Limón,Honduras,0.0,2.0,15.866700172424315,-85.5
1328,Maracay,Venezuela,0.0,2.0,10.246899604797363,-67.59580230712889
1329,Geel,Belgium,0.0,2.0,51.16669845581055,5.0
1330,Oviedo,Dominican Republic,0.0,2.0,17.783300399780273,-71.36669921875
1331,Talca,Chile,0.0,2.0,-35.43330001831055,-71.66670227050781
1332,Copacabana,Colombia,0.0,2.0,6.346330165863037,-75.50890350341797
1333,Guayama,PR,0.0,2.0,17.986099243164062,-66.11419677734375
1334,Aguada,PR,0.0,1.0,18.38139915466309,-67.1885986328125
1335,Roeselare,Belgium,0.0,1.0,50.95000076293945,3.133330106735228
1336,Ahmadi,Kuwait,0.0,1.0,28.82699966430664,48.0009994506836
1337,Rennes,France,0.0,1.0,48.11199951171875,-1.6742899417877195
1338,Kobenhavn,Denmark,0.0,1.0,55.67449951171875,12.574600219726562
1339,Rubio,Venezuela,0.0,1.0,7.7072200775146475,-72.35389709472656
1340,Rosita,Nicaragua,0.0,1.0,13.883299827575685,-84.4000015258789
1341,Ath,Belgium,0.0,1.0,50.63330078125,3.783329963684082
1342,Lorient,France,0.0,1.0,47.75,-3.3666698932647705
1343,Soweto,South Africa,0.0,1.0,-26.26779937744141,27.85849952697754
1344,MB,Canada,0.0,1.0,53.76089859008789,-98.81390380859376
1345,Ulsan,South Korea,0.0,1.0,35.688201904296875,128.67599487304688
1346,Sánchez,Dominican Republic,0.0,1.0,19.233299255371094,-69.59999847412111
1347,Lambayeque,Peru,0.0,1.0,-6.701109886169434,-79.90609741210938
1348,Daejeon,South Korea,0.0,1.0,34.709300994873054,127.26599884033205
1349,Orléans,France,0.0,1.0,47.90290069580078,1.9038900136947632
1350,Goiânia,Brazil,0.0,1.0,-16.66670036315918,-49.2667007446289
1351,Colima,Mexico,0.0,1.0,19.233299255371094,-103.71700286865234
1352,Changwon,South Korea,0.0,1.0,35.92470169067383,126.62999725341795
1353,Vega Alta,PR,0.0,1.0,18.41419982910156,-66.33170318603516
1354,Gwangju,South Korea,0.0,1.0,37.40999984741211,127.25700378417969
1355,Pasto,Colombia,0.0,1.0,1.213610053062439,-77.28109741210938
1356,Pereira,Colombia,0.0,1.0,4.813330173492432,-75.69609832763672
1357,Canovanas,PR,0.0,1.0,18.38109970092773,-65.90170288085939
1358,Manati,PR,0.0,1.0,18.429399490356445,-66.49250030517578
1359,Preston,UK,0.0,1.0,53.7667007446289,-2.716670036315918
1360,Utuado,PR,0.0,1.0,18.26749992370605,-66.70079803466797
1361,Iasi,Romania,0.0,1.0,47.16669845581055,27.60000038146973
1362,Bayonne,France,0.0,1.0,43.483299255371094,-1.483330011367798
1363,Kortrijk,Belgium,0.0,1.0,50.83330154418945,3.2666699886322017
